complaint_id,date,company,sector,product,state,amount_inr,complaint_text,_true_category
C00001,2026-08-27,QuickKart,E-commerce,Online marketplace order,Delhi,1299,I returned the product 5 weeks ago but my refund has not been credited yet.,Delayed refund
C00002,2026-07-31,ShopEase,E-commerce,Electronics,Uttar Pradesh,2499,"Bahut bura experience: Product description said original brand, what arrived is different from advertised.",Misleading advertisement
C00003,2026-08-04,PayEasy,Fintech,Wallet / UPI app,Maharashtra,199,"URGENT: Order cancleled, money deducted but refund never received. Paisa wapas chahiye.",Delayed refund
C00004,2026-10-05,QuickKart,E-commerce,Online marketplace order,Karnataka,2499,"Bahut bura experience: Order cancelled, money deducted but refund never recieved.",Delayed refund
C00005,2026-08-28,ShopEase,E-commerce,Electronics,Telangana,1299,"Ad promised guaranteed delivery in 1 day, this was false. Kindly resolve.",Misleading advertisement
C00006,2026-10-09,StreamNova,OTT / Subscription,Video streaming plan,Maharashtra,799,My subscription auto-renewed without any reminder and the cancel option is hidden.,Subscription trap
C00007,2025-12-05,StreamNova,OTT / Subscription,Video streaming plan,Gujarat,9999,Pls help. The advertisment claimed 50% off but the actual price was higher. Misleading offer.,Misleading advertisement
C00008,2026-07-29,QuickKart,E-commerce,Online marketplace order,Uttar Pradesh,199,Device is faulty and broken right out of the box.,Defective product
C00009,2026-03-14,FitLife,Health & fitness,Gym membership app,Karnataka,4999,"Very disappointed. Order cancelled, money deducted but refund never received. Please take action.",Delayed refund
C00010,2026-07-10,ShopEase,E-commerce,Electronics,Gujarat,2499,Bahut bura experience: Device is faulty and broken right out of the box.,Defective product
C00011,2026-08-31,QuickKart,E-commerce,Online marketplace order,Karnataka,499,"Order cancelled, money deducted but refund never received.",Delayed refund
C00012,2026-04-01,TravelNest,Travel,Flight / hotel booking,Telangana,1299,"URGENT: Very bad service, nobody is responding to me. Kindly resolve.",Other
C00013,2026-08-31,FreshBasket,Quick commerce,Grocery delivery,Gujarat,49,"Pls help. Surprise additional chrges appeared on my invoice, the price shown earlier was lower.",Hidden charges
C00014,2026-10-08,QuickKart,E-commerce,Online marketplace order,Gujarat,799,Very disappointed. I returned the product 5 weeks ago but my refund has not been credited yet.,Delayed refund
C00015,2026-08-03,PayEasy,Fintech,Wallet / UPI app,West Bengal,499,I returned the product 5 weeks ago but my refnd has not been credited yet. Kindly resolve.,Delayed refund
C00016,2026-01-05,ShopEase,E-commerce,Electronics,Rajasthan,799,Pls help. The advertisement claimed 50% off but the actual price was higher. Misleading offer. Kindly resolve.,Misleading advertisement
C00017,2026-08-24,FreshBasket,Quick commerce,Grocery delivery,Maharashtra,2499,"Product description said original brand, what arrived is different from advertised.",Misleading advertisement
C00018,2026-10-09,StreamNova,OTT / Subscription,Video streaming plan,Kerala,1299,"Sir/Madam, Free trial converted to paid automatically. No easy way to unsubscribe.",Subscription trap
C00019,2026-07-27,QuickKart,E-commerce,Online marketplace order,Karnataka,799,"Very disappointed. Mera personal data bina consent ke share kiya gaya, spam calls aa rahe hain.",Data misuse
C00020,2026-10-01,StreamNova,OTT / Subscription,Video streaming plan,Delhi,499,My subcription auto-renewed without any reminder and the cancel option is hidden. Need response asap.,Subscription trap
C00021,2026-01-18,PayEasy,Fintech,Wallet / UPI app,Karnataka,499,Bahut bura experience: The advertisement claimed 50% off but the actual price was higher. Misleading offer.,Misleading advertisement
C00022,2026-09-03,StreamNova,OTT / Subscription,Video streaming plan,Kerala,2499,"Sir/Madam, Unable to cancel the plan, it keeps auto renewing every month. Kindly resolve.",Subscription trap
C00023,2026-02-03,TravelNest,Travel,Flight / hotel booking,Gujarat,4999,Bahut bura experience: I returned the product 5 weeks ago but my refund has not been credited yet.,Delayed refund
C00024,2026-05-07,ShopEase,E-commerce,Electronics,Uttar Pradesh,1299,"Unable to cancel the plan, it keeps auto renewing every month. Paisa wapas chahiye.",Subscription trap
C00025,2025-12-17,QuickKart,E-commerce,Online marketplace order,Delhi,1299,"Received a defective item, seller refuses replacement.",Defective product
C00026,2026-03-26,FitLife,Health & fitness,Gym membership app,West Bengal,799,"Very disappointed. Ad promised guaranteed delivery in 1 day, this was false.",Misleading advertisement
C00027,2026-09-24,QuickKart,E-commerce,Online marketplace order,Maharashtra,4999,Very disappointed. I returned the product 5 weeks ago but my refund has not been credited yet. Paisa wapas chahiye.,Delayed refund
C00028,2026-09-29,StreamNova,OTT / Subscription,Video streaming plan,West Bengal,799,"Very disappointed. Unable to cancel the plan, it keeps auto renewing every month. Paisa wapas chahiye.",Subscription trap
C00029,2026-08-13,QuickKart,E-commerce,Online marketplace order,Karnataka,799,"URGENT: Refund promised in 7 days, still pending after a month. Support keeps giving new dates. Please take action.",Delayed refund
C00030,2025-11-24,PayEasy,Fintech,Wallet / UPI app,Telangana,1299,"Sir/Madam, Subscription band nahi ho raha, har mahine renew ho jata hai.",Subscription trap
C00031,2026-08-12,ShopEase,E-commerce,Electronics,Kerala,9999,"URGENT: Advertisement mein jo dikhaya woh product alag nikla, misleading claim. Kindly resolve.",Misleading advertisement
C00032,2026-09-22,QuickKart,E-commerce,Online marketplace order,Tamil Nadu,4999,URGENT: I returned the product 5 weeks ago but my refund has not been credited yet. Kindly resolve.,Delayed refund
C00033,2026-10-03,FreshBasket,Quick commerce,Grocery delivery,Gujarat,199,Final bill had extra handling and platform fees that were not shown at checkout.,Hidden charges
C00034,2026-06-12,QuickKart,E-commerce,Online marketplace order,Kerala,799,"URGENT: Product description said original brand, what arrived is different from advertised. Kindly resolve.",Misleading advertisement
C00035,2026-02-21,TravelNest,Travel,Flight / hotel booking,Uttar Pradesh,799,URGENT: My personal data was shared with third parties without my consent.,Data misuse
C00036,2026-08-11,QuickKart,E-commerce,Online marketplace order,Uttar Pradesh,9999,"Pls help. Paise cut gaye lekin refund abhi tak nahi aaya, 3 weeks ho gaye.",Delayed refund
C00037,2025-12-28,ShopEase,E-commerce,Electronics,Tamil Nadu,4999,"Very disappointed. Advertisement mein jo dikhaya woh product alag nikla, misleading claim.",Misleading advertisement
C00038,2025-11-25,ShopEase,E-commerce,Electronics,West Bengal,2499,"Checkout pe alag se extra fee laga diya, pehle nahi bataya tha. Paisa wapas chahiye.",Hidden charges
C00039,2026-08-18,StreamNova,OTT / Subscription,Video streaming plan,Tamil Nadu,499,"Bahut bura experience: Ad promised guaranteed delivery in 1 day, this was false.",Misleading advertisement
C00040,2026-08-01,QuickKart,E-commerce,Online marketplace order,Kerala,4999,"Very disappointed. Ad promised guaranteed delivery in 1 day, this was false.",Misleading advertisement
C00041,2026-08-01,FitLife,Health & fitness,Gym membership app,Telangana,9999,"Sir/Madam, The advertisement claimed 50% off but the actual price was higher. Misleading offer. Please take action.",Misleading advertisement
C00042,2026-06-19,StreamNova,OTT / Subscription,Video streaming plan,Uttar Pradesh,4999,"Bahut bura experience: Unable to cancle the plan, it keeps auto renewing every month. Need response asap.",Subscription trap
C00043,2026-08-30,QuickKart,E-commerce,Online marketplace order,Rajasthan,799,"Pls help. Paise cut gaye lekin refund abhi tak nahi aaya, 3 weeks ho gaye. Kindly resolve.",Delayed refund
C00044,2026-08-14,QuickKart,E-commerce,Online marketplace order,Delhi,9999,"Ad promised guaranteed delivery in 1 day, this was false.",Misleading advertisement
C00045,2025-11-17,FreshBasket,Quick commerce,Grocery delivery,Delhi,799,"Bahut bura experience: Refund promised in 7 days, still pending after a month. Support keeps giving new dates.",Delayed refund
C00046,2026-09-24,FitLife,Health & fitness,Gym membership app,Rajasthan,4999,"Sir/Madam, Very bad service, nobody is responding to me. Paisa wapas chahiye.",Other
C00047,2026-03-25,PayEasy,Fintech,Wallet / UPI app,Kerala,2499,Free trial converted to paid automatically. No easy way to unsubscribe.,Subscription trap
C00048,2025-10-10,ShopEase,E-commerce,Electronics,Uttar Pradesh,199,"Sir/Madam, Very bad service, nobody is responding to me.",Other
C00049,2026-04-06,ShopEase,E-commerce,Electronics,Telangana,799,"Product description said original brand, what arrived is different from advertised. Paisa wapas chahiye.",Misleading advertisement
C00050,2026-09-13,QuickKart,E-commerce,Online marketplace order,Telangana,799,"Bahut bura experience: Refund promised in 7 days, still pending after a month. Support keeps giving new dates.",Delayed refund
C00051,2026-08-13,QuickKart,E-commerce,Online marketplace order,Gujarat,799,"Very disappointed. Unable to cancle the plan, it keeps auto renewing every month.",Subscription trap
C00052,2026-06-29,QuickKart,E-commerce,Online marketplace order,Karnataka,1299,Pls help. My subcription auto-renewed without any reminder and the cancle option is hidden. Paisa wapas chahiye.,Subscription trap
C00053,2026-08-28,QuickKart,E-commerce,Online marketplace order,Rajasthan,4999,Very disappointed. I returned the product 5 weeks ago but my refund has not been credited yet.,Delayed refund
C00054,2026-03-08,ShopEase,E-commerce,Electronics,Kerala,4999,Bahut bura experience: Customer care is rude and unhelpful. Please look into it.,Other
C00055,2026-03-09,FreshBasket,Quick commerce,Grocery delivery,Maharashtra,9999,"Sir/Madam, I started getting spam calls right after sharing my phone number with this app. Kindly resolve.",Data misuse
C00056,2026-10-06,FitLife,Health & fitness,Gym membership app,Gujarat,4999,"Sir/Madam, Final bill had extra handling and platform fees that were not shown at checkout. Please take action.",Hidden charges
C00057,2026-04-02,FitLife,Health & fitness,Gym membership app,Gujarat,1299,"App collected my contacts and location without permission, privacy violated.",Data misuse
C00058,2025-11-03,FitLife,Health & fitness,Gym membership app,Rajasthan,499,"Pls help. Refund promised in 7 days, still pending after a month. Support keeps giving new dates. Need response asap.",Delayed refund
C00059,2026-10-04,ShopEase,E-commerce,Electronics,Rajasthan,2499,The advertisement claimed 50% off but the actual price was higher. Misleading offer. Paisa wapas chahiye.,Misleading advertisement
C00060,2026-04-07,FitLife,Health & fitness,Gym membership app,Telangana,199,"URGENT: Order cancelled, money deducted but refund never received.",Delayed refund
C00061,2026-07-31,StreamNova,OTT / Subscription,Video streaming plan,Uttar Pradesh,199,"URGENT: Poor experience overall, want someone senior to call me. Paisa wapas chahiye.",Other
C00062,2026-06-02,PayEasy,Fintech,Wallet / UPI app,Rajasthan,199,"Very bad service, nobody is responding to me. Kindly resolve.",Other
C00063,2026-09-28,QuickKart,E-commerce,Online marketplace order,Gujarat,799,"Product description said original brand, what arrived is different from advertised. Kindly resolve.",Misleading advertisement
C00064,2026-09-17,StreamNova,OTT / Subscription,Video streaming plan,Gujarat,499,"Very disappointed. Unable to cancel the plan, it keeps auto renewing every month.",Subscription trap
C00065,2026-08-27,StreamNova,OTT / Subscription,Video streaming plan,Karnataka,499,Very disappointed. Free trial converted to paid automatically. No easy way to unsubscribe. Paisa wapas chahiye.,Subscription trap
C00066,2026-08-10,TravelNest,Travel,Flight / hotel booking,Tamil Nadu,499,Very disappointed. Customer care is rude and unhelpful. Please look into it.,Other
C00067,2026-08-28,StreamNova,OTT / Subscription,Video streaming plan,Karnataka,4999,Pls help. My subscription auto-renewed without any reminder and the cancle option is hidden.,Subscription trap
C00068,2026-10-05,StreamNova,OTT / Subscription,Video streaming plan,Kerala,4999,Very disappointed. Free trial converted to paid automatically. No easy way to unsubscribe.,Subscription trap
C00069,2026-04-27,ShopEase,E-commerce,Electronics,Tamil Nadu,799,"Bahut bura experience: Advertisment mein jo dikhaya woh product alag nikla, misleading claim. Please take action.",Misleading advertisement
C00070,2026-06-28,TravelNest,Travel,Flight / hotel booking,Karnataka,4999,"Bahut bura experience: Product description said original brand, what arrived is different from advertised.",Misleading advertisement
C00071,2026-07-22,ShopEase,E-commerce,Electronics,Rajasthan,499,Pls help. I returned the product 5 weeks ago but my refund has not been credited yet. Please take action.,Delayed refund
C00072,2025-10-23,TravelNest,Travel,Flight / hotel booking,Karnataka,499,"Surprise additional charges appeared on my invoice, the price shown earlier was lower. Need response asap.",Hidden charges
C00073,2026-04-21,PayEasy,Fintech,Wallet / UPI app,Telangana,9999,"Paise cut gaye lekin refund abhi tak nahi aaya, 3 weeks ho gaye.",Delayed refund
C00074,2026-06-19,QuickKart,E-commerce,Online marketplace order,Delhi,2499,"Surprise additional charges appeared on my invoice, the price shown earlier was lower. Paisa wapas chahiye.",Hidden charges
C00075,2025-11-29,FitLife,Health & fitness,Gym membership app,Karnataka,4999,"Bahut bura experience: Ad promised guaranteed delivery in 1 day, this was false.",Misleading advertisement
C00076,2026-09-29,PayEasy,Fintech,Wallet / UPI app,Telangana,4999,"Sir/Madam, Mera personal data bina consent ke share kiya gaya, spam calls aa rahe hain.",Data misuse
C00077,2026-02-14,StreamNova,OTT / Subscription,Video streaming plan,Karnataka,199,"Pls help. Refnd promised in 7 days, still pending after a month. Support keeps giving new dates. Need response asap.",Delayed refund
C00078,2026-09-20,StreamNova,OTT / Subscription,Video streaming plan,Karnataka,799,"Pls help. Subcription band nahi ho raha, har mahine renew ho jata hai. Kindly resolve.",Subscription trap
C00079,2026-08-01,PayEasy,Fintech,Wallet / UPI app,Maharashtra,499,"App collected my contacts and location without permission, privacy violated. Need response asap.",Data misuse
C00080,2026-09-27,QuickKart,E-commerce,Online marketplace order,Uttar Pradesh,499,"Received a defectve item, seller refuses replacement.",Defective product
C00081,2026-06-08,ShopEase,E-commerce,Electronics,Gujarat,1299,Very disappointed. The advertisement claimed 50% off but the actual price was higher. Misleading offer.,Misleading advertisement
C00082,2026-10-02,PayEasy,Fintech,Wallet / UPI app,West Bengal,4999,Bahut bura experience: I started getting spam calls right after sharing my phone number with this app.,Data misuse
C00083,2026-03-26,FreshBasket,Quick commerce,Grocery delivery,West Bengal,1299,"Received a defective item, seller refuses replacement.",Defective product
C00084,2026-10-01,StreamNova,OTT / Subscription,Video streaming plan,Telangana,1299,"Sir/Madam, My subscription auto-renewed without any reminder and the cancel option is hidden. Please take action.",Subscription trap
C00085,2026-09-01,FreshBasket,Quick commerce,Grocery delivery,Gujarat,49,I was charged a hidden convenience fee added at the last step. Please take action.,Hidden charges
C00086,2025-11-03,StreamNova,OTT / Subscription,Video streaming plan,Gujarat,1299,Customer care is rude and unhelpful. Please look into it.,Other
C00087,2026-08-23,PayEasy,Fintech,Wallet / UPI app,West Bengal,2499,"URGENT: Checkout pe alag se extra fee laga diya, pehle nahi bataya tha.",Hidden charges
C00088,2026-08-11,QuickKart,E-commerce,Online marketplace order,West Bengal,1299,"Order cancelled, money deducted but refund never received.",Delayed refund
C00089,2026-05-23,PayEasy,Fintech,Wallet / UPI app,Tamil Nadu,2499,Pls help. My subscription auto-renewed without any reminder and the cancel option is hidden.,Subscription trap
C00090,2026-03-04,TravelNest,Travel,Flight / hotel booking,Kerala,4999,Pls help. The advertisement claimed 50% off but the actual price was higher. Misleading offer.,Misleading advertisement
C00091,2026-08-20,TravelNest,Travel,Flight / hotel booking,Uttar Pradesh,1299,"URGENT: Surprise additional charges appeared on my invoice, the price shown earlier was lower.",Hidden charges
C00092,2026-05-31,FitLife,Health & fitness,Gym membership app,Delhi,4999,"Advertisement mein jo dikhaya woh product alag nikla, misleading claim.",Misleading advertisement
C00093,2026-08-17,FitLife,Health & fitness,Gym membership app,Maharashtra,799,"Very disappointed. Very bad service, nobody is responding to me. Paisa wapas chahiye.",Other
C00094,2026-09-08,QuickKart,E-commerce,Online marketplace order,Delhi,1299,URGENT: I returned the product 5 weeks ago but my refund has not been credited yet. Paisa wapas chahiye.,Delayed refund
C00095,2025-10-16,TravelNest,Travel,Flight / hotel booking,West Bengal,499,"Checkout pe alag se extra fee laga diya, pehle nahi bataya tha. Kindly resolve.",Hidden charges
C00096,2026-06-29,PayEasy,Fintech,Wallet / UPI app,Telangana,4999,URGENT: The advertisement claimed 50% off but the actual price was higher. Misleading offer. Please take action.,Misleading advertisement
C00097,2026-04-15,FitLife,Health & fitness,Gym membership app,Maharashtra,1299,"App collected my contacts and location without permission, privacy violated. Kindly resolve.",Data misuse
C00098,2025-10-28,FreshBasket,Quick commerce,Grocery delivery,Maharashtra,1299,I started getting spam calls right after sharing my phone number with this app. Please take action.,Data misuse
C00099,2026-09-25,QuickKart,E-commerce,Online marketplace order,Karnataka,9999,"Sir/Madam, I returned the product 5 weeks ago but my refund has not been credited yet.",Delayed refund
C00100,2026-09-07,PayEasy,Fintech,Wallet / UPI app,Delhi,499,"Sir/Madam, Mera personal data bina consent ke share kiya gaya, spam calls aa rahe hain. Kindly resolve.",Data misuse
C00101,2026-10-05,PayEasy,Fintech,Wallet / UPI app,West Bengal,1299,Customer care is rude and unhelpful. Please look into it. Please take action.,Other
C00102,2026-05-30,StreamNova,OTT / Subscription,Video streaming plan,Tamil Nadu,2499,"Sir/Madam, Unable to cancle the plan, it keeps auto renewing every month. Please take action.",Subscription trap
C00103,2026-03-25,QuickKart,E-commerce,Online marketplace order,West Bengal,799,"Sir/Madam, Product arrived damaged and stopped working in two days. Need response asap.",Defective product
C00104,2026-09-10,PayEasy,Fintech,Wallet / UPI app,Rajasthan,1299,My personal data was shared with third parties without my consent.,Data misuse
C00105,2026-07-02,FreshBasket,Quick commerce,Grocery delivery,Rajasthan,1299,"Very disappointed. Unable to cancel the plan, it keeps auto renewing every month.",Subscription trap
C00106,2026-01-02,QuickKart,E-commerce,Online marketplace order,Uttar Pradesh,4999,URGENT: The advertisement claimed 50% off but the actual price was higher. Misleading offer. Please take action.,Misleading advertisement
C00107,2026-09-07,CabGo,Ride hailing,Cab booking,Delhi,9999,"Very disappointed. Recieved a defective item, seller refuses replacement.",Defective product
C00108,2026-05-08,FreshBasket,Quick commerce,Grocery delivery,Kerala,499,"Pls help. Unable to cancel the plan, it keeps auto renewing every month. Kindly resolve.",Subscription trap
C00109,2026-08-21,QuickKart,E-commerce,Online marketplace order,Rajasthan,799,"Very disappointed. Paise cut gaye lekin refund abhi tak nahi aaya, 3 weeks ho gaye.",Delayed refund
C00110,2026-01-20,QuickKart,E-commerce,Online marketplace order,Gujarat,499,"Sir/Madam, Checkout pe alag se extra fee laga diya, pehle nahi bataya tha.",Hidden charges
C00111,2026-05-07,FreshBasket,Quick commerce,Grocery delivery,Karnataka,1299,"Poor experience overall, want someone senior to call me. Kindly resolve.",Other
C00112,2026-04-25,ShopEase,E-commerce,Electronics,Tamil Nadu,199,"Mera personal data bina consent ke share kiya gaya, spam calls aa rahe hain. Please take action.",Data misuse
C00113,2026-10-02,ShopEase,E-commerce,Electronics,Delhi,799,Product arrived damaged and stopped working in two days. Kindly resolve.,Defective product
C00114,2026-03-22,QuickKart,E-commerce,Online marketplace order,West Bengal,4999,"Surprise additional charges appeared on my invoice, the price shown earlier was lower.",Hidden charges
C00115,2025-12-31,StreamNova,OTT / Subscription,Video streaming plan,Uttar Pradesh,4999,"Recieved a defective item, seller refuses replacement. Kindly resolve.",Defective product
C00116,2026-04-18,ShopEase,E-commerce,Electronics,Rajasthan,9999,"Sir/Madam, Product description said original brand, what arrived is different from advertised. Paisa wapas chahiye.",Misleading advertisement
C00117,2026-08-31,QuickKart,E-commerce,Online marketplace order,Kerala,199,"Refund promised in 7 days, still pending after a month. Support keeps giving new dates.",Delayed refund
C00118,2026-10-09,QuickKart,E-commerce,Online marketplace order,Delhi,499,"Paise cut gaye lekin refund abhi tak nahi aaya, 3 weeks ho gaye. Kindly resolve.",Delayed refund
C00119,2026-09-23,FreshBasket,Quick commerce,Grocery delivery,Maharashtra,149,Very disappointed. Final bill had extra handling and platform fees that were not shown at checkout. Kindly resolve.,Hidden charges
C00120,2025-10-29,FitLife,Health & fitness,Gym membership app,Karnataka,4999,Device is faulty and broken right out of the box. Please take action.,Defective product
C00121,2026-08-14,FreshBasket,Quick commerce,Grocery delivery,Gujarat,199,My personal data was shared with third parties without my consent.,Data misuse
C00122,2026-10-08,StreamNova,OTT / Subscription,Video streaming plan,Tamil Nadu,2499,My subscription auto-renewed without any reminder and the cancel option is hidden. Kindly resolve.,Subscription trap
C00123,2026-08-27,FreshBasket,Quick commerce,Grocery delivery,Maharashtra,49,Pls help. Final bill had extra handling and platform fees that were not shown at checkout.,Hidden charges
C00124,2026-02-06,CabGo,Ride hailing,Cab booking,Gujarat,799,Very disappointed. The advertisement claimed 50% off but the actual price was higher. Misleading offer.,Misleading advertisement
C00125,2026-08-02,StreamNova,OTT / Subscription,Video streaming plan,Tamil Nadu,1299,My subscription auto-renewed without any reminder and the cancel option is hidden. Please take action.,Subscription trap
C00126,2026-10-03,QuickKart,E-commerce,Online marketplace order,Maharashtra,799,"Very disappointed. Order cancelled, money deducted but refund never received. Please take action.",Delayed refund
C00127,2026-04-20,FitLife,Health & fitness,Gym membership app,Tamil Nadu,9999,"Product description said original brand, what arrived is different from advertised. Kindly resolve.",Misleading advertisement
C00128,2026-08-24,FreshBasket,Quick commerce,Grocery delivery,Kerala,9999,"App collected my contacts and location without permission, privacy violated. Please take action.",Data misuse
C00129,2026-01-02,StreamNova,OTT / Subscription,Video streaming plan,Delhi,499,"Sir/Madam, Surprise additional charges appeared on my invoice, the price shown earlier was lower. Kindly resolve.",Hidden charges
C00130,2026-07-11,ShopEase,E-commerce,Electronics,Maharashtra,1299,"Advertisement mein jo dikhaya woh product alag nikla, misleading claim.",Misleading advertisement
C00131,2026-10-09,StreamNova,OTT / Subscription,Video streaming plan,Kerala,199,"Very disappointed. Unable to cancel the plan, it keeps auto renewing every month. Paisa wapas chahiye.",Subscription trap
C00132,2025-11-13,QuickKart,E-commerce,Online marketplace order,Uttar Pradesh,4999,"URGENT: Order cancelled, money deducted but refnd never received. Need response asap.",Delayed refund
C00133,2026-08-18,TravelNest,Travel,Flight / hotel booking,Maharashtra,1299,"Pls help. Refund promised in 7 days, still pending after a month. Support keeps giving new dates.",Delayed refund
C00134,2026-04-20,StreamNova,OTT / Subscription,Video streaming plan,Tamil Nadu,499,"Very disappointed. Product description said original brand, what arrived is different from advertised. Paisa wapas chahiye.",Misleading advertisement
C00135,2025-12-11,CabGo,Ride hailing,Cab booking,Karnataka,799,"Bahut bura experience: Order cancelled, money deducted but refund never received.",Delayed refund
C00136,2026-06-01,CabGo,Ride hailing,Cab booking,Karnataka,799,"Pls help. Ad promised guaranteed delivery in 1 day, this was false.",Misleading advertisement
C00137,2026-10-04,FreshBasket,Quick commerce,Grocery delivery,Tamil Nadu,1299,"Pls help. Poor experience overall, want someone senior to call me.",Other
C00138,2026-04-02,QuickKart,E-commerce,Online marketplace order,Telangana,799,"Very disappointed. Poor experience overall, want someone senior to call me.",Other
C00139,2026-10-09,QuickKart,E-commerce,Online marketplace order,Gujarat,799,Bahut bura experience: I returned the product 5 weeks ago but my refund has not been credited yet. Paisa wapas chahiye.,Delayed refund
C00140,2025-12-02,FitLife,Health & fitness,Gym membership app,Gujarat,799,My personal data was shared with third parties without my consent. Kindly resolve.,Data misuse
C00141,2026-01-27,PayEasy,Fintech,Wallet / UPI app,Uttar Pradesh,1299,"URGENT: Order cancelled, money deducted but refnd never recieved. Kindly resolve.",Delayed refund
C00142,2026-04-10,FitLife,Health & fitness,Gym membership app,Uttar Pradesh,9999,"Subscription band nahi ho raha, har mahine renew ho jata hai.",Subscription trap
C00143,2026-05-09,TravelNest,Travel,Flight / hotel booking,Rajasthan,199,"Very disappointed. Poor experience overall, want someone senior to call me.",Other
C00144,2026-02-08,FreshBasket,Quick commerce,Grocery delivery,Telangana,499,"Unable to cancel the plan, it keeps auto renewing every month. Need response asap.",Subscription trap
C00145,2026-06-22,CabGo,Ride hailing,Cab booking,Rajasthan,799,Pls help. Product arrived damaged and stopped working in two days. Need response asap.,Defective product
C00146,2026-09-14,FreshBasket,Quick commerce,Grocery delivery,Maharashtra,199,"Pls help. Surprise additional charges appeared on my invoice, the price shown earlier was lower. Need response asap.",Hidden charges
C00147,2026-09-05,FreshBasket,Quick commerce,Grocery delivery,Maharashtra,99,I was charged a hidden convenience fee added at the last step.,Hidden charges
C00148,2026-09-08,FreshBasket,Quick commerce,Grocery delivery,Karnataka,799,"Very disappointed. Received a defective item, seller refuses replacement. Please take action.",Defective product
C00149,2026-09-09,FreshBasket,Quick commerce,Grocery delivery,Maharashtra,199,"Surprise additional charges appeared on my invoice, the price shown earlier was lower. Paisa wapas chahiye.",Hidden charges
C00150,2025-12-06,TravelNest,Travel,Flight / hotel booking,Tamil Nadu,4999,"Paise cut gaye lekin refund abhi tak nahi aaya, 3 weeks ho gaye. Paisa wapas chahiye.",Delayed refund
C00151,2026-09-24,QuickKart,E-commerce,Online marketplace order,Karnataka,9999,"Mera personal data bina consent ke share kiya gaya, spam calls aa rahe hain.",Data misuse
C00152,2025-11-21,ShopEase,E-commerce,Electronics,Telangana,499,"Ad promised guaranteed delivery in 1 day, this was false.",Misleading advertisement
C00153,2026-09-08,QuickKart,E-commerce,Online marketplace order,Tamil Nadu,9999,Pls help. I returned the product 5 weeks ago but my refund has not been credited yet.,Delayed refund
C00154,2026-04-01,ShopEase,E-commerce,Electronics,Gujarat,2499,"Pls help. Ad promised guaranteed delivery in 1 day, this was false. Please take action.",Misleading advertisement
C00155,2026-08-25,FreshBasket,Quick commerce,Grocery delivery,Gujarat,149,"Very disappointed. Checkout pe alag se extra fee laga diya, pehle nahi bataya tha. Need response asap.",Hidden charges
C00156,2026-02-03,PayEasy,Fintech,Wallet / UPI app,Rajasthan,499,"Order cancelled, money deducted but refund never received. Paisa wapas chahiye.",Delayed refund
C00157,2026-02-08,FreshBasket,Quick commerce,Grocery delivery,Rajasthan,1299,URGENT: Product arrived damaged and stopped working in two days. Need response asap.,Defective product
C00158,2025-10-11,QuickKart,E-commerce,Online marketplace order,Uttar Pradesh,799,Bahut bura experience: Product arrived damaged and stopped working in two days.,Defective product
C00159,2026-09-19,FreshBasket,Quick commerce,Grocery delivery,Maharashtra,49,"Checkout pe alag se extra fee laga diya, pehle nahi bataya tha.",Hidden charges
C00160,2026-07-03,QuickKart,E-commerce,Online marketplace order,Gujarat,4999,URGENT: Product arrived damaged and stopped working in two days. Kindly resolve.,Defective product
C00161,2026-10-04,CabGo,Ride hailing,Cab booking,Delhi,4999,"Checkout pe alag se extra fee laga diya, pehle nahi bataya tha. Kindly resolve.",Hidden charges
C00162,2026-09-10,FreshBasket,Quick commerce,Grocery delivery,Maharashtra,99,"Very disappointed. Checkout pe alag se extra fee laga diya, pehle nahi bataya tha. Please take action.",Hidden charges
C00163,2026-08-14,QuickKart,E-commerce,Online marketplace order,Gujarat,2499,"Sir/Madam, I returned the product 5 weeks ago but my refund has not been credited yet.",Delayed refund
C00164,2026-04-11,StreamNova,OTT / Subscription,Video streaming plan,Delhi,9999,"Bahut bura experience: Order cancelled, money deducted but refund never received. Need response asap.",Delayed refund
C00165,2026-09-30,QuickKart,E-commerce,Online marketplace order,Karnataka,1299,"Order cancelled, money deducted but refnd never recieved.",Delayed refund
C00166,2026-06-25,QuickKart,E-commerce,Online marketplace order,Maharashtra,499,"Sir/Madam, Product kharab nikla, defective piece mila aur replacement nahi de rahe. Need response asap.",Defective product
C00167,2026-03-18,FreshBasket,Quick commerce,Grocery delivery,Rajasthan,499,"Bahut bura experience: Poor experience overall, want someone senior to call me.",Other
C00168,2025-12-19,FreshBasket,Quick commerce,Grocery delivery,Maharashtra,1299,"Pls help. Advertisement mein jo dikhaya woh product alag nikla, misleading claim. Paisa wapas chahiye.",Misleading advertisement
C00169,2026-08-23,TravelNest,Travel,Flight / hotel booking,Karnataka,799,"Poor experience overall, want someone senior to call me. Please take action.",Other
C00170,2026-04-30,ShopEase,E-commerce,Electronics,Maharashtra,499,"Bahut bura experience: Surprise additional charges appeared on my invoice, the price shown earlier was lower. Paisa wapas chahiye.",Hidden charges
C00171,2025-10-11,FitLife,Health & fitness,Gym membership app,West Bengal,499,"Product description said original brand, what arrived is different from advertised. Please take action.",Misleading advertisement
C00172,2026-05-08,ShopEase,E-commerce,Electronics,Gujarat,799,"Sir/Madam, Surprise additional chrges appeared on my invoice, the price shown earlier was lower. Kindly resolve.",Hidden charges
C00173,2026-07-25,CabGo,Ride hailing,Cab booking,Telangana,2499,"Advertisement mein jo dikhaya woh product alag nikla, misleading claim.",Misleading advertisement
C00174,2026-10-01,StreamNova,OTT / Subscription,Video streaming plan,Maharashtra,1299,"Subscription band nahi ho raha, har mahine renew ho jata hai.",Subscription trap
C00175,2026-06-14,FitLife,Health & fitness,Gym membership app,Kerala,9999,"Very bad service, nobody is responding to me. Need response asap.",Other
C00176,2026-06-21,FreshBasket,Quick commerce,Grocery delivery,Delhi,9999,"Very disappointed. Product kharab nikla, defective piece mila aur replacement nahi de rahe. Kindly resolve.",Defective product
C00177,2026-02-08,ShopEase,E-commerce,Electronics,Gujarat,9999,My personal data was shared with third parties without my consent.,Data misuse
C00178,2026-06-20,QuickKart,E-commerce,Online marketplace order,Gujarat,2499,"Product description said original brand, what arrived is different from advertised. Paisa wapas chahiye.",Misleading advertisement
C00179,2026-09-26,PayEasy,Fintech,Wallet / UPI app,Tamil Nadu,499,I started getting spam calls right after sharing my phone number with this app.,Data misuse
C00180,2026-08-04,StreamNova,OTT / Subscription,Video streaming plan,Delhi,9999,My subscription auto-renewed without any reminder and the cancel option is hidden.,Subscription trap
C00181,2026-02-04,FreshBasket,Quick commerce,Grocery delivery,Telangana,4999,"Subcription band nahi ho raha, har mahine renew ho jata hai.",Subscription trap
C00182,2025-11-22,FitLife,Health & fitness,Gym membership app,Delhi,499,Free trial converted to paid automatically. No easy way to unsubscribe.,Subscription trap
C00183,2026-07-04,StreamNova,OTT / Subscription,Video streaming plan,Rajasthan,799,My subcription auto-renewed without any reminder and the cancel option is hidden.,Subscription trap
C00184,2026-07-16,PayEasy,Fintech,Wallet / UPI app,Karnataka,1299,"Very disappointed. Advertisement mein jo dikhaya woh product alag nikla, misleading claim. Kindly resolve.",Misleading advertisement
C00185,2026-08-13,QuickKart,E-commerce,Online marketplace order,Tamil Nadu,2499,Pls help. I returned the product 5 weeks ago but my refnd has not been credited yet.,Delayed refund
C00186,2026-09-21,StreamNova,OTT / Subscription,Video streaming plan,Uttar Pradesh,9999,"Very bad service, nobody is responding to me.",Other
C00187,2026-08-27,QuickKart,E-commerce,Online marketplace order,Tamil Nadu,1299,Bahut bura experience: I returned the product 5 weeks ago but my refnd has not been credited yet. Need response asap.,Delayed refund
C00188,2026-01-28,PayEasy,Fintech,Wallet / UPI app,West Bengal,1299,Final bill had extra handling and platform fees that were not shown at checkout.,Hidden charges
C00189,2026-01-28,TravelNest,Travel,Flight / hotel booking,Telangana,9999,"Sir/Madam, Order cancelled, money deducted but refund never received. Paisa wapas chahiye.",Delayed refund
C00190,2026-09-20,QuickKart,E-commerce,Online marketplace order,Telangana,499,"Paise cut gaye lekin refund abhi tak nahi aaya, 3 weeks ho gaye. Please take action.",Delayed refund
C00191,2026-06-24,FitLife,Health & fitness,Gym membership app,Delhi,2499,Final bill had extra handling and platform fees that were not shown at checkout. Need response asap.,Hidden charges
C00192,2025-11-13,StreamNova,OTT / Subscription,Video streaming plan,Delhi,4999,Very disappointed. I was charged a hidden convenience fee added at the last step.,Hidden charges
C00193,2026-09-06,PayEasy,Fintech,Wallet / UPI app,Maharashtra,4999,Bahut bura experience: I started getting spam calls right after sharing my phone number with this app.,Data misuse
C00194,2026-07-30,ShopEase,E-commerce,Electronics,Uttar Pradesh,9999,"Very disappointed. Received a defective item, seller refuses replacement.",Defective product
C00195,2026-05-08,PayEasy,Fintech,Wallet / UPI app,Gujarat,9999,Free trial converted to paid automatically. No easy way to unsubscribe. Please take action.,Subscription trap
C00196,2026-10-06,StreamNova,OTT / Subscription,Video streaming plan,Rajasthan,499,"Pls help. Unable to cancel the plan, it keeps auto renewing every month. Please take action.",Subscription trap
C00197,2026-09-06,StreamNova,OTT / Subscription,Video streaming plan,Rajasthan,499,"Very disappointed. Unable to cancel the plan, it keeps auto renewing every month.",Subscription trap
C00198,2026-10-02,QuickKart,E-commerce,Online marketplace order,Kerala,2499,"Very disappointed. Checkout pe alag se extra fee laga diya, pehle nahi bataya tha.",Hidden charges
C00199,2025-10-16,TravelNest,Travel,Flight / hotel booking,Uttar Pradesh,1299,"Advertisment mein jo dikhaya woh product alag nikla, misleading claim. Please take action.",Misleading advertisement
C00200,2026-05-09,TravelNest,Travel,Flight / hotel booking,Rajasthan,9999,"Sir/Madam, Unable to cancel the plan, it keeps auto renewing every month.",Subscription trap
C00201,2026-08-12,StreamNova,OTT / Subscription,Video streaming plan,Tamil Nadu,199,"Bahut bura experience: Unable to cancel the plan, it keeps auto renewing every month. Please take action.",Subscription trap
C00202,2026-09-25,PayEasy,Fintech,Wallet / UPI app,Delhi,4999,"Unable to cancel the plan, it keeps auto renewing every month. Need response asap.",Subscription trap
C00203,2026-07-15,StreamNova,OTT / Subscription,Video streaming plan,Delhi,1299,"Sir/Madam, Free trial converted to paid automatically. No easy way to unsubscribe. Kindly resolve.",Subscription trap
C00204,2026-08-26,QuickKart,E-commerce,Online marketplace order,Karnataka,1299,"URGENT: Paise cut gaye lekin refnd abhi tak nahi aaya, 3 weeks ho gaye. Paisa wapas chahiye.",Delayed refund
C00205,2026-03-17,FitLife,Health & fitness,Gym membership app,Tamil Nadu,1299,"Pls help. Recieved a defective item, seller refuses replacement.",Defective product
C00206,2026-09-04,FreshBasket,Quick commerce,Grocery delivery,Maharashtra,149,"Pls help. Surprise additional chrges appeared on my invoice, the price shown earlier was lower.",Hidden charges
C00207,2026-06-30,StreamNova,OTT / Subscription,Video streaming plan,Kerala,4999,"Subcription band nahi ho raha, har mahine renew ho jata hai.",Subscription trap
C00208,2026-08-23,StreamNova,OTT / Subscription,Video streaming plan,Rajasthan,499,"URGENT: Subscription band nahi ho raha, har mahine renew ho jata hai. Kindly resolve.",Subscription trap
C00209,2026-04-28,ShopEase,E-commerce,Electronics,Maharashtra,4999,"Sir/Madam, Advertisement mein jo dikhaya woh product alag nikla, misleading claim. Kindly resolve.",Misleading advertisement
C00210,2026-03-06,PayEasy,Fintech,Wallet / UPI app,Gujarat,799,"Sir/Madam, Customer care is rude and unhelpful. Please look into it. Kindly resolve.",Other
C00211,2026-01-14,FitLife,Health & fitness,Gym membership app,Rajasthan,1299,"Pls help. App collected my contacts and location without permission, privacy violated. Paisa wapas chahiye.",Data misuse
C00212,2026-09-11,QuickKart,E-commerce,Online marketplace order,Telangana,1299,"Very disappointed. Order cancelled, money deducted but refnd never received.",Delayed refund
C00213,2026-09-04,QuickKart,E-commerce,Online marketplace order,Telangana,499,"Paise cut gaye lekin refund abhi tak nahi aaya, 3 weeks ho gaye.",Delayed refund
C00214,2026-03-02,ShopEase,E-commerce,Electronics,Tamil Nadu,799,"Sir/Madam, The advertisement claimed 50% off but the actual price was higher. Misleading offer. Paisa wapas chahiye.",Misleading advertisement
C00215,2026-09-04,QuickKart,E-commerce,Online marketplace order,Delhi,499,"Order cancelled, money deducted but refund never received. Kindly resolve.",Delayed refund
C00216,2025-11-04,FreshBasket,Quick commerce,Grocery delivery,Gujarat,499,"Bahut bura experience: Unable to cancle the plan, it keeps auto renewing every month. Paisa wapas chahiye.",Subscription trap
C00217,2025-10-11,CabGo,Ride hailing,Cab booking,Uttar Pradesh,2499,Bahut bura experience: I started getting spam calls right after sharing my phone number with this app. Please take action.,Data misuse
C00218,2026-09-16,StreamNova,OTT / Subscription,Video streaming plan,Delhi,799,"Bahut bura experience: Subscription band nahi ho raha, har mahine renew ho jata hai.",Subscription trap
C00219,2026-09-10,PayEasy,Fintech,Wallet / UPI app,Kerala,199,"Sir/Madam, My persnal data was shared with third parties without my consent.",Data misuse
C00220,2025-12-15,FitLife,Health & fitness,Gym membership app,Rajasthan,1299,"Bahut bura experience: Subscription band nahi ho raha, har mahine renew ho jata hai. Kindly resolve.",Subscription trap
C00221,2026-02-23,StreamNova,OTT / Subscription,Video streaming plan,Gujarat,9999,"Pls help. Very bad service, nobody is responding to me. Need response asap.",Other
C00222,2026-04-17,FitLife,Health & fitness,Gym membership app,Karnataka,1299,"Checkout pe alag se extra fee laga diya, pehle nahi bataya tha. Need response asap.",Hidden charges
C00223,2026-09-14,FreshBasket,Quick commerce,Grocery delivery,Maharashtra,199,Final bill had extra handling and platform fees that were not shown at checkout. Paisa wapas chahiye.,Hidden charges
C00224,2026-03-26,QuickKart,E-commerce,Online marketplace order,West Bengal,2499,"Pls help. Very bad service, nobody is responding to me. Paisa wapas chahiye.",Other
C00225,2025-12-09,CabGo,Ride hailing,Cab booking,Delhi,199,"Bahut bura experience: Refnd promised in 7 days, still pending after a month. Support keeps giving new dates. Paisa wapas chahiye.",Delayed refund
C00226,2026-10-08,FitLife,Health & fitness,Gym membership app,Gujarat,4999,URGENT: I returned the product 5 weeks ago but my refund has not been credited yet. Paisa wapas chahiye.,Delayed refund
C00227,2026-07-17,PayEasy,Fintech,Wallet / UPI app,Rajasthan,2499,"Sir/Madam, App collected my contacts and location without permission, privacy violated. Kindly resolve.",Data misuse
C00228,2026-08-31,FreshBasket,Quick commerce,Grocery delivery,Maharashtra,49,"Bahut bura experience: Checkout pe alag se extra fee laga diya, pehle nahi bataya tha. Kindly resolve.",Hidden charges
C00229,2026-09-07,CabGo,Ride hailing,Cab booking,Kerala,199,"Bahut bura experience: Order cancelled, money deducted but refnd never received.",Delayed refund
C00230,2026-03-29,StreamNova,OTT / Subscription,Video streaming plan,Karnataka,199,URGENT: Free trial converted to paid automatically. No easy way to unsubscribe. Kindly resolve.,Subscription trap
C00231,2026-07-04,FitLife,Health & fitness,Gym membership app,Delhi,499,"Pls help. Paise cut gaye lekin refnd abhi tak nahi aaya, 3 weeks ho gaye. Kindly resolve.",Delayed refund
C00232,2026-05-31,TravelNest,Travel,Flight / hotel booking,Kerala,499,"Sir/Madam, My personal data was shared with third parties without my consent. Kindly resolve.",Data misuse
C00233,2026-01-01,FitLife,Health & fitness,Gym membership app,Rajasthan,4999,Product arrived damaged and stopped working in two days. Need response asap.,Defective product
C00234,2026-10-06,FreshBasket,Quick commerce,Grocery delivery,Maharashtra,149,Pls help. Final bill had extra handling and platform fees that were not shown at checkout. Paisa wapas chahiye.,Hidden charges
C00235,2026-09-03,StreamNova,OTT / Subscription,Video streaming plan,Gujarat,9999,"Pls help. App collected my contacts and location without permission, privacy violated. Kindly resolve.",Data misuse
C00236,2026-01-07,QuickKart,E-commerce,Online marketplace order,Karnataka,199,"Received a defective item, seller refuses replacement.",Defective product
C00237,2026-06-18,StreamNova,OTT / Subscription,Video streaming plan,Gujarat,9999,"Product description said original brand, what arrived is different from advertised.",Misleading advertisement
C00238,2026-08-31,PayEasy,Fintech,Wallet / UPI app,Uttar Pradesh,799,"Mera persnal data bina consent ke share kiya gaya, spam calls aa rahe hain.",Data misuse
C00239,2026-04-06,QuickKart,E-commerce,Online marketplace order,Tamil Nadu,2499,"Sir/Madam, Free trial converted to paid automatically. No easy way to unsubscribe.",Subscription trap
C00240,2026-04-12,CabGo,Ride hailing,Cab booking,Kerala,199,Bahut bura experience: I started getting spam calls right after sharing my phone number with this app. Please take action.,Data misuse
C00241,2025-11-30,FitLife,Health & fitness,Gym membership app,Delhi,2499,"Order cancleled, money deducted but refund never received.",Delayed refund
C00242,2026-09-13,ShopEase,E-commerce,Electronics,Rajasthan,9999,"Very disappointed. Advertisement mein jo dikhaya woh product alag nikla, misleading claim. Paisa wapas chahiye.",Misleading advertisement
C00243,2026-01-11,TravelNest,Travel,Flight / hotel booking,Rajasthan,799,"Product description said original brand, what arrived is different from advertised. Kindly resolve.",Misleading advertisement
C00244,2025-12-21,FitLife,Health & fitness,Gym membership app,Delhi,799,"Sir/Madam, App collected my contacts and location without permission, privacy violated. Paisa wapas chahiye.",Data misuse
C00245,2025-11-20,ShopEase,E-commerce,Electronics,West Bengal,9999,Pls help. My subcription auto-renewed without any reminder and the cancel option is hidden.,Subscription trap
C00246,2026-07-26,StreamNova,OTT / Subscription,Video streaming plan,Karnataka,4999,Pls help. Free trial converted to paid automatically. No easy way to unsubscribe. Paisa wapas chahiye.,Subscription trap
C00247,2026-05-30,ShopEase,E-commerce,Electronics,Uttar Pradesh,1299,"Very disappointed. Refund promised in 7 days, still pending after a month. Support keeps giving new dates. Paisa wapas chahiye.",Delayed refund
C00248,2025-10-19,TravelNest,Travel,Flight / hotel booking,Kerala,499,"Pls help. Product kharab nikla, defective piece mila aur replacement nahi de rahe. Please take action.",Defective product
C00249,2025-11-18,CabGo,Ride hailing,Cab booking,Uttar Pradesh,4999,Product arrived damaged and stopped working in two days.,Defective product
C00250,2026-09-09,StreamNova,OTT / Subscription,Video streaming plan,Maharashtra,1299,Very disappointed. My subscription auto-renewed without any reminder and the cancel option is hidden. Kindly resolve.,Subscription trap
C00251,2026-01-11,QuickKart,E-commerce,Online marketplace order,Kerala,4999,The advertisement claimed 50% off but the actual price was higher. Misleading offer. Please take action.,Misleading advertisement
C00252,2026-05-15,FitLife,Health & fitness,Gym membership app,Gujarat,499,Very disappointed. Product arrived damaged and stopped working in two days. Paisa wapas chahiye.,Defective product
C00253,2025-11-24,TravelNest,Travel,Flight / hotel booking,Kerala,799,"Poor experience overall, want someone senior to call me.",Other
C00254,2026-08-29,QuickKart,E-commerce,Online marketplace order,Delhi,2499,I returned the product 5 weeks ago but my refund has not been credited yet.,Delayed refund
C00255,2026-04-01,ShopEase,E-commerce,Electronics,Delhi,4999,The advertisment claimed 50% off but the actual price was higher. Misleading offer. Paisa wapas chahiye.,Misleading advertisement
C00256,2026-06-18,StreamNova,OTT / Subscription,Video streaming plan,Delhi,9999,"Very disappointed. App collected my contacts and location without permission, privacy violated.",Data misuse
C00257,2025-11-16,TravelNest,Travel,Flight / hotel booking,Maharashtra,799,"Pls help. Checkout pe alag se extra fee laga diya, pehle nahi bataya tha. Paisa wapas chahiye.",Hidden charges
C00258,2026-09-12,FreshBasket,Quick commerce,Grocery delivery,Telangana,499,"Product kharab nikla, defective piece mila aur replacement nahi de rahe. Need response asap.",Defective product
C00259,2026-09-18,PayEasy,Fintech,Wallet / UPI app,Kerala,2499,Very disappointed. My personal data was shared with third parties without my consent. Paisa wapas chahiye.,Data misuse
C00260,2026-01-31,TravelNest,Travel,Flight / hotel booking,Karnataka,1299,"Order cancelled, money deducted but refund never received.",Delayed refund
C00261,2026-06-13,FreshBasket,Quick commerce,Grocery delivery,West Bengal,499,I started getting spam calls right after sharing my phone number with this app. Please take action.,Data misuse
C00262,2026-10-08,TravelNest,Travel,Flight / hotel booking,Karnataka,199,"Sir/Madam, Checkout pe alag se extra fee laga diya, pehle nahi bataya tha. Need response asap.",Hidden charges
C00263,2026-07-06,FitLife,Health & fitness,Gym membership app,Uttar Pradesh,9999,The advertisement claimed 50% off but the actual price was higher. Misleading offer. Paisa wapas chahiye.,Misleading advertisement
C00264,2026-01-20,FreshBasket,Quick commerce,Grocery delivery,Telangana,799,"Pls help. Subcription band nahi ho raha, har mahine renew ho jata hai.",Subscription trap
C00265,2026-09-30,QuickKart,E-commerce,Online marketplace order,Maharashtra,4999,"Order cancelled, money deducted but refnd never received. Please take action.",Delayed refund
C00266,2026-09-20,FreshBasket,Quick commerce,Grocery delivery,Maharashtra,99,Very disappointed. I was charged a hidden convenience fee added at the last step. Please take action.,Hidden charges
C00267,2026-08-20,QuickKart,E-commerce,Online marketplace order,Telangana,1299,"Poor experience overall, want someone senior to call me. Paisa wapas chahiye.",Other
C00268,2026-01-15,StreamNova,OTT / Subscription,Video streaming plan,Delhi,9999,"Checkout pe alag se extra fee laga diya, pehle nahi bataya tha. Kindly resolve.",Hidden charges
C00269,2026-04-06,TravelNest,Travel,Flight / hotel booking,Karnataka,499,"Sir/Madam, Poor experience overall, want someone senior to call me.",Other
C00270,2026-05-25,FitLife,Health & fitness,Gym membership app,Uttar Pradesh,1299,URGENT: Customer care is rude and unhelpful. Please look into it. Please take action.,Other
C00271,2026-07-15,StreamNova,OTT / Subscription,Video streaming plan,Karnataka,199,Bahut bura experience: Free trial converted to paid automatically. No easy way to unsubscribe. Need response asap.,Subscription trap
C00272,2026-08-26,QuickKart,E-commerce,Online marketplace order,Telangana,1299,"Bahut bura experience: Paise cut gaye lekin refund abhi tak nahi aaya, 3 weeks ho gaye. Paisa wapas chahiye.",Delayed refund
C00273,2025-11-29,ShopEase,E-commerce,Electronics,Tamil Nadu,4999,Very disappointed. I started getting spam calls right after sharing my phone number with this app.,Data misuse
C00274,2026-10-03,FreshBasket,Quick commerce,Grocery delivery,Gujarat,799,"App collected my contacts and location without permission, privacy violated. Please take action.",Data misuse
C00275,2026-09-13,FreshBasket,Quick commerce,Grocery delivery,Maharashtra,49,"Sir/Madam, Final bill had extra handling and platform fees that were not shown at checkout.",Hidden charges
C00276,2026-02-13,CabGo,Ride hailing,Cab booking,West Bengal,9999,"Sir/Madam, The advertisement claimed 50% off but the actual price was higher. Misleading offer.",Misleading advertisement
C00277,2026-01-13,TravelNest,Travel,Flight / hotel booking,Telangana,9999,"Very disappointed. Very bad service, nobody is responding to me. Please take action.",Other
C00278,2026-09-22,QuickKart,E-commerce,Online marketplace order,Tamil Nadu,199,"Paise cut gaye lekin refnd abhi tak nahi aaya, 3 weeks ho gaye. Paisa wapas chahiye.",Delayed refund
C00279,2026-02-25,CabGo,Ride hailing,Cab booking,Uttar Pradesh,499,I started getting spam calls right after sharing my phone number with this app.,Data misuse
C00280,2026-09-25,StreamNova,OTT / Subscription,Video streaming plan,Karnataka,9999,"Subscription band nahi ho raha, har mahine renew ho jata hai.",Subscription trap
C00281,2026-08-11,StreamNova,OTT / Subscription,Video streaming plan,Telangana,199,"URGENT: Unable to cancel the plan, it keeps auto renewing every month.",Subscription trap
C00282,2026-08-09,FreshBasket,Quick commerce,Grocery delivery,Uttar Pradesh,799,"Bahut bura experience: Subscription band nahi ho raha, har mahine renew ho jata hai.",Subscription trap
C00283,2026-04-26,ShopEase,E-commerce,Electronics,Maharashtra,199,"Bahut bura experience: Product description said original brand, what arrived is different from advertised. Kindly resolve.",Misleading advertisement
C00284,2025-10-23,TravelNest,Travel,Flight / hotel booking,Karnataka,4999,URGENT: Device is faulty and broken right out of the box.,Defective product
C00285,2026-08-20,QuickKart,E-commerce,Online marketplace order,Gujarat,2499,Very disappointed. I returned the product 5 weeks ago but my refund has not been credited yet.,Delayed refund
C00286,2026-09-18,StreamNova,OTT / Subscription,Video streaming plan,Uttar Pradesh,199,"Pls help. Subscription band nahi ho raha, har mahine renew ho jata hai. Kindly resolve.",Subscription trap
C00287,2026-05-06,PayEasy,Fintech,Wallet / UPI app,Delhi,199,"URGENT: Unable to cancel the plan, it keeps auto renewing every month.",Subscription trap
C00288,2025-10-21,ShopEase,E-commerce,Electronics,West Bengal,2499,Very disappointed. The advertisement claimed 50% off but the actual price was higher. Misleading offer. Please take action.,Misleading advertisement
C00289,2026-05-09,FitLife,Health & fitness,Gym membership app,West Bengal,499,"Sir/Madam, Device is faulty and broken right out of the box.",Defective product
C00290,2025-12-04,StreamNova,OTT / Subscription,Video streaming plan,Uttar Pradesh,199,"URGENT: Unable to cancel the plan, it keeps auto renewing every month. Need response asap.",Subscription trap
C00291,2026-04-28,QuickKart,E-commerce,Online marketplace order,Delhi,9999,"Bahut bura experience: Surprise additional charges appeared on my invoice, the price shown earlier was lower. Kindly resolve.",Hidden charges
C00292,2026-07-17,ShopEase,E-commerce,Electronics,Karnataka,4999,Pls help. My subscription auto-renewed without any reminder and the cancel option is hidden. Please take action.,Subscription trap
C00293,2026-07-29,StreamNova,OTT / Subscription,Video streaming plan,Uttar Pradesh,2499,"Pls help. Subscription band nahi ho raha, har mahine renew ho jata hai. Paisa wapas chahiye.",Subscription trap
C00294,2026-09-10,FreshBasket,Quick commerce,Grocery delivery,Maharashtra,49,"Sir/Madam, Surprise additional chrges appeared on my invoice, the price shown earlier was lower. Need response asap.",Hidden charges
C00295,2026-04-11,FitLife,Health & fitness,Gym membership app,Uttar Pradesh,799,"Bahut bura experience: Order cancelled, money deducted but refund never received. Paisa wapas chahiye.",Delayed refund
C00296,2026-09-13,QuickKart,E-commerce,Online marketplace order,Kerala,9999,"Order cancelled, money deducted but refund never received.",Delayed refund
C00297,2025-10-10,TravelNest,Travel,Flight / hotel booking,West Bengal,199,"Bahut bura experience: Product kharab nikla, defectve piece mila aur replacement nahi de rahe.",Defective product
C00298,2026-05-04,ShopEase,E-commerce,Electronics,West Bengal,199,Bahut bura experience: My personal data was shared with third parties without my consent. Kindly resolve.,Data misuse
C00299,2026-07-20,StreamNova,OTT / Subscription,Video streaming plan,Gujarat,499,"Sir/Madam, Free trial converted to paid automatically. No easy way to unsubscribe. Please take action.",Subscription trap
C00300,2026-06-23,FitLife,Health & fitness,Gym membership app,Karnataka,499,"Sir/Madam, The advertisement claimed 50% off but the actual price was higher. Misleading offer. Please take action.",Misleading advertisement
C00301,2025-10-26,FitLife,Health & fitness,Gym membership app,Gujarat,799,"Bahut bura experience: Paise cut gaye lekin refund abhi tak nahi aaya, 3 weeks ho gaye.",Delayed refund
C00302,2026-04-05,StreamNova,OTT / Subscription,Video streaming plan,Karnataka,4999,Bahut bura experience: I returned the product 5 weeks ago but my refund has not been credited yet. Please take action.,Delayed refund
C00303,2026-09-25,StreamNova,OTT / Subscription,Video streaming plan,Karnataka,2499,"Sir/Madam, Subscription band nahi ho raha, har mahine renew ho jata hai.",Subscription trap
C00304,2026-06-05,FitLife,Health & fitness,Gym membership app,Karnataka,199,"Very disappointed. Ad promised guaranteed delivery in 1 day, this was false.",Misleading advertisement
C00305,2026-09-20,TravelNest,Travel,Flight / hotel booking,Gujarat,2499,"Sir/Madam, Refnd promised in 7 days, still pending after a month. Support keeps giving new dates. Kindly resolve.",Delayed refund
C00306,2026-05-21,TravelNest,Travel,Flight / hotel booking,West Bengal,2499,"Bahut bura experience: Product description said original brand, what arrived is different from advertised. Kindly resolve.",Misleading advertisement
C00307,2026-01-16,QuickKart,E-commerce,Online marketplace order,West Bengal,2499,Pls help. My subcription auto-renewed without any reminder and the cancel option is hidden. Paisa wapas chahiye.,Subscription trap
C00308,2026-07-19,ShopEase,E-commerce,Electronics,Kerala,1299,Customer care is rude and unhelpful. Please look into it.,Other
C00309,2026-07-23,TravelNest,Travel,Flight / hotel booking,Rajasthan,1299,"Unable to cancel the plan, it keeps auto renewing every month. Need response asap.",Subscription trap
C00310,2026-08-14,QuickKart,E-commerce,Online marketplace order,Karnataka,9999,"Very disappointed. Order cancleled, money deducted but refund never received.",Delayed refund
C00311,2026-01-02,PayEasy,Fintech,Wallet / UPI app,Telangana,499,Final bill had extra handling and platform fees that were not shown at checkout. Paisa wapas chahiye.,Hidden charges
C00312,2026-08-18,QuickKart,E-commerce,Online marketplace order,Maharashtra,9999,Free trial converted to paid automatically. No easy way to unsubscribe.,Subscription trap
C00313,2026-08-28,StreamNova,OTT / Subscription,Video streaming plan,Delhi,9999,Pls help. Free trial converted to paid automatically. No easy way to unsubscribe. Need response asap.,Subscription trap
C00314,2026-01-23,CabGo,Ride hailing,Cab booking,Rajasthan,799,Device is faulty and broken right out of the box.,Defective product
C00315,2025-11-26,TravelNest,Travel,Flight / hotel booking,Maharashtra,799,Pls help. I started getting spam calls right after sharing my phone number with this app. Please take action.,Data misuse
C00316,2026-09-21,StreamNova,OTT / Subscription,Video streaming plan,Uttar Pradesh,799,Very disappointed. Free trial converted to paid automatically. No easy way to unsubscribe. Kindly resolve.,Subscription trap
C00317,2026-06-15,StreamNova,OTT / Subscription,Video streaming plan,Delhi,199,Free trial converted to paid automatically. No easy way to unsubscribe. Please take action.,Subscription trap
C00318,2026-10-05,StreamNova,OTT / Subscription,Video streaming plan,Uttar Pradesh,9999,URGENT: Free trial converted to paid automatically. No easy way to unsubscribe.,Subscription trap
C00319,2026-10-05,FitLife,Health & fitness,Gym membership app,Delhi,1299,I returned the product 5 weeks ago but my refund has not been credited yet. Paisa wapas chahiye.,Delayed refund
C00320,2026-02-18,ShopEase,E-commerce,Electronics,Karnataka,9999,"Advertisment mein jo dikhaya woh product alag nikla, misleading claim.",Misleading advertisement
C00321,2026-03-10,ShopEase,E-commerce,Electronics,Karnataka,499,"Unable to cancel the plan, it keeps auto renewing every month.",Subscription trap
C00322,2026-09-10,FreshBasket,Quick commerce,Grocery delivery,Maharashtra,99,I was charged a hidden convenience fee added at the last step.,Hidden charges
C00323,2026-02-14,QuickKart,E-commerce,Online marketplace order,Kerala,1299,Very disappointed. Final bill had extra handling and platform fees that were not shown at checkout.,Hidden charges
C00324,2026-08-19,QuickKart,E-commerce,Online marketplace order,West Bengal,199,"Sir/Madam, I returned the product 5 weeks ago but my refnd has not been credited yet. Need response asap.",Delayed refund
C00325,2026-10-07,QuickKart,E-commerce,Online marketplace order,Uttar Pradesh,4999,"Bahut bura experience: Order cancelled, money deducted but refund never received.",Delayed refund
C00326,2026-04-05,FitLife,Health & fitness,Gym membership app,Rajasthan,4999,Very disappointed. Customer care is rude and unhelpful. Please look into it. Paisa wapas chahiye.,Other
C00327,2026-08-22,QuickKart,E-commerce,Online marketplace order,Delhi,799,"Pls help. Refnd promised in 7 days, still pending after a month. Support keeps giving new dates.",Delayed refund
C00328,2026-06-02,ShopEase,E-commerce,Electronics,Kerala,1299,"Sir/Madam, Received a defective item, seller refuses replacement. Please take action.",Defective product
C00329,2026-04-30,QuickKart,E-commerce,Online marketplace order,Kerala,4999,"Pls help. Order cancelled, money deducted but refnd never received.",Delayed refund
C00330,2026-10-03,QuickKart,E-commerce,Online marketplace order,Maharashtra,9999,"Refund promised in 7 days, still pending after a month. Support keeps giving new dates. Kindly resolve.",Delayed refund
C00331,2026-09-16,QuickKart,E-commerce,Online marketplace order,Karnataka,1299,Very disappointed. I returned the product 5 weeks ago but my refund has not been credited yet.,Delayed refund
C00332,2026-03-08,StreamNova,OTT / Subscription,Video streaming plan,West Bengal,799,"Subcription band nahi ho raha, har mahine renew ho jata hai. Need response asap.",Subscription trap
C00333,2026-09-14,QuickKart,E-commerce,Online marketplace order,Uttar Pradesh,4999,"Bahut bura experience: App collected my contacts and location without permission, privacy violated. Kindly resolve.",Data misuse
C00334,2026-03-30,StreamNova,OTT / Subscription,Video streaming plan,Telangana,9999,"Received a defectve item, seller refuses replacement. Paisa wapas chahiye.",Defective product
C00335,2026-07-19,StreamNova,OTT / Subscription,Video streaming plan,Uttar Pradesh,799,My subscription auto-renewed without any reminder and the cancle option is hidden. Please take action.,Subscription trap
C00336,2025-11-10,ShopEase,E-commerce,Electronics,Rajasthan,1299,"Very disappointed. Product description said original brand, what arrived is different from advertised.",Misleading advertisement
C00337,2026-09-18,QuickKart,E-commerce,Online marketplace order,Uttar Pradesh,499,"Pls help. Order cancelled, money deducted but refnd never received.",Delayed refund
C00338,2026-08-19,FreshBasket,Quick commerce,Grocery delivery,West Bengal,199,"URGENT: Received a defective item, seller refuses replacement.",Defective product
C00339,2026-04-17,CabGo,Ride hailing,Cab booking,Telangana,1299,"Sir/Madam, My personal data was shared with third parties without my consent. Kindly resolve.",Data misuse
C00340,2026-09-18,QuickKart,E-commerce,Online marketplace order,Delhi,2499,"Sir/Madam, Refnd promised in 7 days, still pending after a month. Support keeps giving new dates. Paisa wapas chahiye.",Delayed refund
C00341,2026-04-18,QuickKart,E-commerce,Online marketplace order,Karnataka,199,"Unable to cancel the plan, it keeps auto renewing every month. Kindly resolve.",Subscription trap
C00342,2026-02-16,CabGo,Ride hailing,Cab booking,Karnataka,199,"Advertisement mein jo dikhaya woh product alag nikla, misleading claim.",Misleading advertisement
C00343,2026-08-27,QuickKart,E-commerce,Online marketplace order,Delhi,9999,"URGENT: Paise cut gaye lekin refund abhi tak nahi aaya, 3 weeks ho gaye. Paisa wapas chahiye.",Delayed refund
C00344,2026-08-25,CabGo,Ride hailing,Cab booking,Kerala,199,"URGENT: Mera personal data bina consent ke share kiya gaya, spam calls aa rahe hain.",Data misuse
C00345,2026-01-28,PayEasy,Fintech,Wallet / UPI app,Kerala,9999,"Product kharab nikla, defectve piece mila aur replacement nahi de rahe.",Defective product
C00346,2026-02-25,PayEasy,Fintech,Wallet / UPI app,Uttar Pradesh,799,Very disappointed. I returned the product 5 weeks ago but my refund has not been credited yet. Please take action.,Delayed refund
C00347,2026-05-15,FitLife,Health & fitness,Gym membership app,Karnataka,499,"App collected my contacts and location without permission, privacy violated. Please take action.",Data misuse
C00348,2026-03-06,ShopEase,E-commerce,Electronics,West Bengal,799,"Sir/Madam, Subscription band nahi ho raha, har mahine renew ho jata hai. Please take action.",Subscription trap
C00349,2026-04-12,TravelNest,Travel,Flight / hotel booking,Gujarat,799,"URGENT: Subscription band nahi ho raha, har mahine renew ho jata hai. Need response asap.",Subscription trap
C00350,2026-10-03,StreamNova,OTT / Subscription,Video streaming plan,Maharashtra,1299,"Bahut bura experience: Unable to cancle the plan, it keeps auto renewing every month. Please take action.",Subscription trap
C00351,2026-09-24,QuickKart,E-commerce,Online marketplace order,Rajasthan,199,"Very disappointed. Order cancleled, money deducted but refund never received.",Delayed refund
C00352,2025-11-24,QuickKart,E-commerce,Online marketplace order,Telangana,4999,"Pls help. Advertisment mein jo dikhaya woh product alag nikla, misleading claim. Kindly resolve.",Misleading advertisement
C00353,2026-04-13,StreamNova,OTT / Subscription,Video streaming plan,Kerala,1299,"Sir/Madam, Surprise additional charges appeared on my invoice, the price shown earlier was lower. Paisa wapas chahiye.",Hidden charges
C00354,2026-02-01,CabGo,Ride hailing,Cab booking,Rajasthan,2499,"Mera personal data bina consent ke share kiya gaya, spam calls aa rahe hain. Need response asap.",Data misuse
C00355,2026-09-06,QuickKart,E-commerce,Online marketplace order,West Bengal,499,I returned the product 5 weeks ago but my refund has not been credited yet.,Delayed refund
C00356,2026-08-22,StreamNova,OTT / Subscription,Video streaming plan,Delhi,499,My subcription auto-renewed without any reminder and the cancel option is hidden.,Subscription trap
C00357,2026-06-05,FreshBasket,Quick commerce,Grocery delivery,Maharashtra,1299,Device is faulty and broken right out of the box.,Defective product
C00358,2026-10-02,CabGo,Ride hailing,Cab booking,Maharashtra,799,"Bahut bura experience: Product description said original brand, what arrived is different from advertised. Kindly resolve.",Misleading advertisement
C00359,2026-04-01,ShopEase,E-commerce,Electronics,Gujarat,799,"Ad promised guaranteed delivery in 1 day, this was false.",Misleading advertisement
C00360,2025-11-22,PayEasy,Fintech,Wallet / UPI app,Tamil Nadu,799,Bahut bura experience: The advertisement claimed 50% off but the actual price was higher. Misleading offer.,Misleading advertisement
C00361,2026-03-05,PayEasy,Fintech,Wallet / UPI app,Delhi,199,"Sir/Madam, Surprise additional charges appeared on my invoice, the price shown earlier was lower.",Hidden charges
C00362,2026-07-30,ShopEase,E-commerce,Electronics,West Bengal,799,Very disappointed. I was charged a hidden convenience fee added at the last step.,Hidden charges
C00363,2026-07-06,PayEasy,Fintech,Wallet / UPI app,Gujarat,799,"Pls help. Mera persnal data bina consent ke share kiya gaya, spam calls aa rahe hain. Please take action.",Data misuse
C00364,2026-07-25,StreamNova,OTT / Subscription,Video streaming plan,Karnataka,199,"Bahut bura experience: Subscription band nahi ho raha, har mahine renew ho jata hai. Please take action.",Subscription trap
C00365,2026-04-11,FreshBasket,Quick commerce,Grocery delivery,Uttar Pradesh,199,Final bill had extra handling and platform fees that were not shown at checkout.,Hidden charges
C00366,2026-05-20,TravelNest,Travel,Flight / hotel booking,Tamil Nadu,2499,Device is faulty and broken right out of the box.,Defective product
C00367,2026-06-30,TravelNest,Travel,Flight / hotel booking,Telangana,499,"Very bad service, nobody is responding to me. Need response asap.",Other
C00368,2025-12-23,QuickKart,E-commerce,Online marketplace order,Tamil Nadu,1299,"Pls help. Subcription band nahi ho raha, har mahine renew ho jata hai. Need response asap.",Subscription trap
C00369,2026-02-09,ShopEase,E-commerce,Electronics,Tamil Nadu,1299,The advertisement claimed 50% off but the actual price was higher. Misleading offer. Please take action.,Misleading advertisement
C00370,2026-09-20,QuickKart,E-commerce,Online marketplace order,West Bengal,1299,"Paise cut gaye lekin refnd abhi tak nahi aaya, 3 weeks ho gaye.",Delayed refund
C00371,2026-04-05,StreamNova,OTT / Subscription,Video streaming plan,Kerala,9999,"Checkout pe alag se extra fee laga diya, pehle nahi bataya tha.",Hidden charges
C00372,2026-09-30,FreshBasket,Quick commerce,Grocery delivery,Gujarat,49,"Sir/Madam, I was charged a hidden convenience fee added at the last step. Kindly resolve.",Hidden charges
C00373,2026-04-23,QuickKart,E-commerce,Online marketplace order,Delhi,2499,"Mera personal data bina consent ke share kiya gaya, spam calls aa rahe hain.",Data misuse
C00374,2026-07-15,StreamNova,OTT / Subscription,Video streaming plan,Delhi,2499,"URGENT: Unable to cancel the plan, it keeps auto renewing every month. Need response asap.",Subscription trap
C00375,2026-09-16,ShopEase,E-commerce,Electronics,Delhi,9999,"Sir/Madam, App collected my contacts and location without permission, privacy violated. Paisa wapas chahiye.",Data misuse
C00376,2026-06-26,QuickKart,E-commerce,Online marketplace order,Gujarat,799,"Subscription band nahi ho raha, har mahine renew ho jata hai. Please take action.",Subscription trap
C00377,2026-04-05,StreamNova,OTT / Subscription,Video streaming plan,Tamil Nadu,1299,Bahut bura experience: I returned the product 5 weeks ago but my refund has not been credited yet.,Delayed refund
C00378,2026-07-05,PayEasy,Fintech,Wallet / UPI app,Telangana,2499,"URGENT: Checkout pe alag se extra fee laga diya, pehle nahi bataya tha.",Hidden charges
C00379,2026-10-03,QuickKart,E-commerce,Online marketplace order,West Bengal,4999,"Paise cut gaye lekin refund abhi tak nahi aaya, 3 weeks ho gaye.",Delayed refund
C00380,2026-09-02,FreshBasket,Quick commerce,Grocery delivery,Maharashtra,149,"Bahut bura experience: Surprise additional charges appeared on my invoice, the price shown earlier was lower.",Hidden charges
C00381,2026-10-06,FreshBasket,Quick commerce,Grocery delivery,Maharashtra,99,"Checkout pe alag se extra fee laga diya, pehle nahi bataya tha.",Hidden charges
C00382,2026-09-15,StreamNova,OTT / Subscription,Video streaming plan,Gujarat,1299,Pls help. My subcription auto-renewed without any reminder and the cancel option is hidden.,Subscription trap
C00383,2025-10-22,ShopEase,E-commerce,Electronics,Rajasthan,499,Bahut bura experience: I was charged a hidden convenience fee added at the last step. Need response asap.,Hidden charges
C00384,2026-09-06,QuickKart,E-commerce,Online marketplace order,Karnataka,1299,"Sir/Madam, Refund promised in 7 days, still pending after a month. Support keeps giving new dates. Paisa wapas chahiye.",Delayed refund
C00385,2026-04-28,FitLife,Health & fitness,Gym membership app,Uttar Pradesh,4999,Bahut bura experience: Final bill had extra handling and platform fees that were not shown at checkout. Kindly resolve.,Hidden charges
C00386,2026-03-03,QuickKart,E-commerce,Online marketplace order,Kerala,499,Very disappointed. The advertisement claimed 50% off but the actual price was higher. Misleading offer.,Misleading advertisement
C00387,2026-10-07,QuickKart,E-commerce,Online marketplace order,Karnataka,9999,I returned the product 5 weeks ago but my refnd has not been credited yet.,Delayed refund
C00388,2026-06-17,StreamNova,OTT / Subscription,Video streaming plan,Rajasthan,9999,"Subcription band nahi ho raha, har mahine renew ho jata hai. Kindly resolve.",Subscription trap
C00389,2026-09-11,QuickKart,E-commerce,Online marketplace order,Gujarat,499,I returned the product 5 weeks ago but my refund has not been credited yet. Paisa wapas chahiye.,Delayed refund
C00390,2026-09-23,FreshBasket,Quick commerce,Grocery delivery,Maharashtra,149,"Bahut bura experience: Checkout pe alag se extra fee laga diya, pehle nahi bataya tha. Kindly resolve.",Hidden charges
C00391,2025-11-01,QuickKart,E-commerce,Online marketplace order,Delhi,9999,"Sir/Madam, I started getting spam calls right after sharing my phone number with this app. Paisa wapas chahiye.",Data misuse
C00392,2026-02-03,FreshBasket,Quick commerce,Grocery delivery,Kerala,499,"Pls help. Order cancleled, money deducted but refund never received.",Delayed refund
C00393,2026-09-19,FreshBasket,Quick commerce,Grocery delivery,Gujarat,99,Very disappointed. Final bill had extra handling and platform fees that were not shown at checkout. Need response asap.,Hidden charges
C00394,2026-09-26,QuickKart,E-commerce,Online marketplace order,Tamil Nadu,199,"Order cancelled, money deducted but refund never received. Kindly resolve.",Delayed refund
C00395,2026-04-03,ShopEase,E-commerce,Electronics,Delhi,799,Device is faulty and broken right out of the box.,Defective product
C00396,2026-07-15,StreamNova,OTT / Subscription,Video streaming plan,Rajasthan,199,URGENT: Device is faulty and broken right out of the box.,Defective product
C00397,2026-08-12,QuickKart,E-commerce,Online marketplace order,Delhi,199,Very disappointed. I returned the product 5 weeks ago but my refnd has not been credited yet. Need response asap.,Delayed refund
C00398,2026-04-17,PayEasy,Fintech,Wallet / UPI app,Uttar Pradesh,4999,"Product kharab nikla, defective piece mila aur replacement nahi de rahe. Please take action.",Defective product
C00399,2026-09-05,StreamNova,OTT / Subscription,Video streaming plan,Kerala,199,"Bahut bura experience: Unable to cancel the plan, it keeps auto renewing every month.",Subscription trap
C00400,2026-06-08,PayEasy,Fintech,Wallet / UPI app,Uttar Pradesh,499,"Sir/Madam, Ad promised guaranteed delivery in 1 day, this was false. Please take action.",Misleading advertisement
C00401,2026-09-26,QuickKart,E-commerce,Online marketplace order,Tamil Nadu,4999,"Paise cut gaye lekin refnd abhi tak nahi aaya, 3 weeks ho gaye. Need response asap.",Delayed refund
C00402,2026-01-31,StreamNova,OTT / Subscription,Video streaming plan,Delhi,799,"Subscription band nahi ho raha, har mahine renew ho jata hai.",Subscription trap
C00403,2026-08-10,ShopEase,E-commerce,Electronics,Tamil Nadu,199,I returned the product 5 weeks ago but my refund has not been credited yet. Kindly resolve.,Delayed refund
C00404,2026-08-15,FreshBasket,Quick commerce,Grocery delivery,Delhi,2499,"Very disappointed. App collected my contacts and location without permission, privacy violated.",Data misuse
C00405,2026-10-08,QuickKart,E-commerce,Online marketplace order,Rajasthan,499,"URGENT: Order cancelled, money deducted but refnd never received.",Delayed refund
C00406,2026-07-13,QuickKart,E-commerce,Online marketplace order,Maharashtra,1299,"Sir/Madam, Customer care is rude and unhelpful. Please look into it.",Other
C00407,2026-10-07,StreamNova,OTT / Subscription,Video streaming plan,West Bengal,4999,My subscription auto-renewed without any reminder and the cancle option is hidden. Need response asap.,Subscription trap
C00408,2026-02-25,StreamNova,OTT / Subscription,Video streaming plan,West Bengal,9999,"URGENT: Received a defectve item, seller refuses replacement. Please take action.",Defective product
C00409,2026-06-28,CabGo,Ride hailing,Cab booking,Karnataka,4999,"URGENT: Surprise additional chrges appeared on my invoice, the price shown earlier was lower.",Hidden charges
C00410,2026-04-11,StreamNova,OTT / Subscription,Video streaming plan,West Bengal,4999,"Paise cut gaye lekin refund abhi tak nahi aaya, 3 weeks ho gaye. Kindly resolve.",Delayed refund
C00411,2025-12-26,FitLife,Health & fitness,Gym membership app,Kerala,499,Bahut bura experience: My personal data was shared with third parties without my consent. Please take action.,Data misuse
C00412,2026-08-10,QuickKart,E-commerce,Online marketplace order,Kerala,9999,"Refnd promised in 7 days, still pending after a month. Support keeps giving new dates. Paisa wapas chahiye.",Delayed refund
C00413,2025-10-11,ShopEase,E-commerce,Electronics,Kerala,799,The advertisement claimed 50% off but the actual price was higher. Misleading offer. Paisa wapas chahiye.,Misleading advertisement
C00414,2026-07-24,PayEasy,Fintech,Wallet / UPI app,Gujarat,9999,"URGENT: Paise cut gaye lekin refund abhi tak nahi aaya, 3 weeks ho gaye. Paisa wapas chahiye.",Delayed refund
C00415,2026-08-02,StreamNova,OTT / Subscription,Video streaming plan,Tamil Nadu,1299,"Sir/Madam, Free trial converted to paid automatically. No easy way to unsubscribe.",Subscription trap
C00416,2026-09-09,FreshBasket,Quick commerce,Grocery delivery,Maharashtra,49,"URGENT: Checkout pe alag se extra fee laga diya, pehle nahi bataya tha. Please take action.",Hidden charges
C00417,2026-06-07,PayEasy,Fintech,Wallet / UPI app,Delhi,2499,URGENT: My subscription auto-renewed without any reminder and the cancel option is hidden. Paisa wapas chahiye.,Subscription trap
C00418,2026-02-14,ShopEase,E-commerce,Electronics,Karnataka,4999,URGENT: I was charged a hidden convenience fee added at the last step.,Hidden charges
C00419,2025-11-13,StreamNova,OTT / Subscription,Video streaming plan,Telangana,499,"Pls help. Unable to cancel the plan, it keeps auto renewing every month.",Subscription trap
C00420,2026-09-05,StreamNova,OTT / Subscription,Video streaming plan,Delhi,1299,"Sir/Madam, Subcription band nahi ho raha, har mahine renew ho jata hai. Need response asap.",Subscription trap
C00421,2025-12-05,StreamNova,OTT / Subscription,Video streaming plan,Karnataka,9999,I was charged a hidden convenience fee added at the last step. Need response asap.,Hidden charges
C00422,2026-10-03,QuickKart,E-commerce,Online marketplace order,Kerala,799,Pls help. My personal data was shared with third parties without my consent.,Data misuse
C00423,2026-09-26,FreshBasket,Quick commerce,Grocery delivery,Gujarat,99,Pls help. Final bill had extra handling and platform fees that were not shown at checkout. Please take action.,Hidden charges
C00424,2026-10-02,ShopEase,E-commerce,Electronics,Maharashtra,499,"Very disappointed. Received a defective item, seller refuses replacement. Paisa wapas chahiye.",Defective product
C00425,2026-08-28,FreshBasket,Quick commerce,Grocery delivery,Gujarat,49,"Bahut bura experience: Checkout pe alag se extra fee laga diya, pehle nahi bataya tha.",Hidden charges
C00426,2026-05-24,FitLife,Health & fitness,Gym membership app,Telangana,499,"Paise cut gaye lekin refund abhi tak nahi aaya, 3 weeks ho gaye.",Delayed refund
C00427,2026-09-30,PayEasy,Fintech,Wallet / UPI app,Tamil Nadu,2499,Bahut bura experience: I started getting spam calls right after sharing my phone number with this app. Paisa wapas chahiye.,Data misuse
C00428,2026-09-09,PayEasy,Fintech,Wallet / UPI app,Tamil Nadu,9999,"Sir/Madam, Mera personal data bina consent ke share kiya gaya, spam calls aa rahe hain.",Data misuse
C00429,2026-04-04,ShopEase,E-commerce,Electronics,Maharashtra,1299,"Bahut bura experience: Checkout pe alag se extra fee laga diya, pehle nahi bataya tha.",Hidden charges
C00430,2026-03-22,TravelNest,Travel,Flight / hotel booking,Telangana,799,"Received a defective item, seller refuses replacement. Please take action.",Defective product
C00431,2026-09-09,ShopEase,E-commerce,Electronics,Rajasthan,9999,"Ad promised guaranteed delivery in 1 day, this was false. Need response asap.",Misleading advertisement
C00432,2026-09-16,PayEasy,Fintech,Wallet / UPI app,Maharashtra,4999,"Very disappointed. App collected my contacts and location without permission, privacy violated. Kindly resolve.",Data misuse
C00433,2026-09-13,FreshBasket,Quick commerce,Grocery delivery,Rajasthan,2499,"Bahut bura experience: Surprise additional charges appeared on my invoice, the price shown earlier was lower. Need response asap.",Hidden charges
C00434,2026-09-19,StreamNova,OTT / Subscription,Video streaming plan,Gujarat,799,"Sir/Madam, My subscription auto-renewed without any reminder and the cancel option is hidden. Kindly resolve.",Subscription trap
C00435,2026-08-13,QuickKart,E-commerce,Online marketplace order,Telangana,1299,I returned the product 5 weeks ago but my refnd has not been credited yet.,Delayed refund
C00436,2025-12-18,ShopEase,E-commerce,Electronics,Gujarat,199,The advertisement claimed 50% off but the actual price was higher. Misleading offer. Kindly resolve.,Misleading advertisement
C00437,2026-01-23,QuickKart,E-commerce,Online marketplace order,Maharashtra,799,"Sir/Madam, My subcription auto-renewed without any reminder and the cancel option is hidden. Kindly resolve.",Subscription trap
C00438,2026-02-05,ShopEase,E-commerce,Electronics,Rajasthan,799,"Advertisement mein jo dikhaya woh product alag nikla, misleading claim.",Misleading advertisement
C00439,2026-01-28,FreshBasket,Quick commerce,Grocery delivery,Telangana,499,"Bahut bura experience: Product kharab nikla, defective piece mila aur replacement nahi de rahe. Please take action.",Defective product
C00440,2026-03-17,FreshBasket,Quick commerce,Grocery delivery,Telangana,499,"Sir/Madam, Unable to cancel the plan, it keeps auto renewing every month.",Subscription trap
C00441,2026-04-05,PayEasy,Fintech,Wallet / UPI app,Delhi,9999,Free trial converted to paid automatically. No easy way to unsubscribe.,Subscription trap
C00442,2026-10-09,QuickKart,E-commerce,Online marketplace order,Delhi,799,Bahut bura experience: I returned the product 5 weeks ago but my refund has not been credited yet. Paisa wapas chahiye.,Delayed refund
C00443,2026-09-12,FitLife,Health & fitness,Gym membership app,Rajasthan,1299,"Sir/Madam, I returned the product 5 weeks ago but my refund has not been credited yet.",Delayed refund
C00444,2026-10-09,FreshBasket,Quick commerce,Grocery delivery,Gujarat,99,"Very disappointed. Surprise additional chrges appeared on my invoice, the price shown earlier was lower.",Hidden charges
C00445,2026-10-08,ShopEase,E-commerce,Electronics,Kerala,4999,"Very disappointed. Received a defective item, seller refuses replacement. Paisa wapas chahiye.",Defective product
C00446,2026-06-01,PayEasy,Fintech,Wallet / UPI app,Kerala,199,Pls help. I returned the product 5 weeks ago but my refund has not been credited yet.,Delayed refund
C00447,2026-05-29,ShopEase,E-commerce,Electronics,Delhi,2499,"Very bad service, nobody is responding to me.",Other
C00448,2026-09-16,TravelNest,Travel,Flight / hotel booking,Maharashtra,199,"Very disappointed. App collected my contacts and location without permission, privacy violated. Need response asap.",Data misuse
C00449,2026-03-21,CabGo,Ride hailing,Cab booking,Telangana,1299,Very disappointed. Product arrived damaged and stopped working in two days.,Defective product
C00450,2025-12-28,FreshBasket,Quick commerce,Grocery delivery,Karnataka,799,"Paise cut gaye lekin refnd abhi tak nahi aaya, 3 weeks ho gaye. Kindly resolve.",Delayed refund
C00451,2026-02-05,ShopEase,E-commerce,Electronics,Karnataka,799,"Product description said original brand, what arrived is different from advertised. Need response asap.",Misleading advertisement
C00452,2026-08-18,TravelNest,Travel,Flight / hotel booking,Tamil Nadu,199,"Pls help. Very bad service, nobody is responding to me. Paisa wapas chahiye.",Other
C00453,2026-03-20,ShopEase,E-commerce,Electronics,Kerala,2499,"Pls help. Surprise additional charges appeared on my invoice, the price shown earlier was lower. Please take action.",Hidden charges
C00454,2026-02-17,PayEasy,Fintech,Wallet / UPI app,West Bengal,4999,URGENT: Product arrived damaged and stopped working in two days.,Defective product
C00455,2026-08-28,FreshBasket,Quick commerce,Grocery delivery,Gujarat,99,"Very disappointed. Checkout pe alag se extra fee laga diya, pehle nahi bataya tha. Please take action.",Hidden charges
C00456,2026-09-30,PayEasy,Fintech,Wallet / UPI app,Maharashtra,9999,URGENT: I started getting spam calls right after sharing my phone number with this app. Please take action.,Data misuse
C00457,2026-10-08,StreamNova,OTT / Subscription,Video streaming plan,Gujarat,799,"Very disappointed. Product description said original brand, what arrived is different from advertised.",Misleading advertisement
C00458,2026-01-13,StreamNova,OTT / Subscription,Video streaming plan,Karnataka,199,"Pls help. App collected my contacts and location without permission, privacy violated. Please take action.",Data misuse
C00459,2026-09-30,StreamNova,OTT / Subscription,Video streaming plan,Tamil Nadu,199,Bahut bura experience: My subscription auto-renewed without any reminder and the cancle option is hidden. Paisa wapas chahiye.,Subscription trap
C00460,2026-05-03,QuickKart,E-commerce,Online marketplace order,Delhi,9999,"Checkout pe alag se extra fee laga diya, pehle nahi bataya tha.",Hidden charges
C00461,2026-05-27,ShopEase,E-commerce,Electronics,Rajasthan,4999,"Sir/Madam, Very bad service, nobody is responding to me. Need response asap.",Other
C00462,2026-06-23,FreshBasket,Quick commerce,Grocery delivery,Rajasthan,199,Very disappointed. I was charged a hidden convenience fee added at the last step.,Hidden charges
C00463,2026-08-13,QuickKart,E-commerce,Online marketplace order,Rajasthan,1299,"Sir/Madam, Paise cut gaye lekin refund abhi tak nahi aaya, 3 weeks ho gaye.",Delayed refund
C00464,2025-12-24,FitLife,Health & fitness,Gym membership app,Delhi,499,URGENT: I returned the product 5 weeks ago but my refund has not been credited yet.,Delayed refund
C00465,2026-08-27,FreshBasket,Quick commerce,Grocery delivery,Maharashtra,99,"Surprise additional chrges appeared on my invoice, the price shown earlier was lower. Kindly resolve.",Hidden charges
C00466,2026-08-15,StreamNova,OTT / Subscription,Video streaming plan,Telangana,2499,URGENT: Customer care is rude and unhelpful. Please look into it.,Other
C00467,2026-09-18,FreshBasket,Quick commerce,Grocery delivery,Gujarat,99,"Checkout pe alag se extra fee laga diya, pehle nahi bataya tha. Need response asap.",Hidden charges
C00468,2025-11-14,ShopEase,E-commerce,Electronics,West Bengal,499,"URGENT: Refund promised in 7 days, still pending after a month. Support keeps giving new dates.",Delayed refund
C00469,2026-09-20,QuickKart,E-commerce,Online marketplace order,Delhi,499,"Very disappointed. Refund promised in 7 days, still pending after a month. Support keeps giving new dates. Please take action.",Delayed refund
C00470,2026-09-12,QuickKart,E-commerce,Online marketplace order,West Bengal,9999,"Sir/Madam, Refund promised in 7 days, still pending after a month. Support keeps giving new dates.",Delayed refund
C00471,2026-08-21,QuickKart,E-commerce,Online marketplace order,Tamil Nadu,199,"Sir/Madam, Paise cut gaye lekin refund abhi tak nahi aaya, 3 weeks ho gaye.",Delayed refund
C00472,2026-05-27,StreamNova,OTT / Subscription,Video streaming plan,Gujarat,199,I returned the product 5 weeks ago but my refnd has not been credited yet. Please take action.,Delayed refund
C00473,2026-10-02,PayEasy,Fintech,Wallet / UPI app,Rajasthan,799,"App collected my contacts and location without permission, privacy violated. Kindly resolve.",Data misuse
C00474,2026-06-16,StreamNova,OTT / Subscription,Video streaming plan,Uttar Pradesh,4999,"Unable to cancel the plan, it keeps auto renewing every month.",Subscription trap
C00475,2026-01-27,FreshBasket,Quick commerce,Grocery delivery,Kerala,499,"Pls help. Poor experience overall, want someone senior to call me.",Other
C00476,2026-01-17,FreshBasket,Quick commerce,Grocery delivery,Rajasthan,1299,Free trial converted to paid automatically. No easy way to unsubscribe.,Subscription trap
C00477,2026-06-05,PayEasy,Fintech,Wallet / UPI app,Maharashtra,799,"Bahut bura experience: Poor experience overall, want someone senior to call me. Paisa wapas chahiye.",Other
C00478,2026-05-12,PayEasy,Fintech,Wallet / UPI app,Maharashtra,799,"Sir/Madam, Refnd promised in 7 days, still pending after a month. Support keeps giving new dates. Please take action.",Delayed refund
C00479,2026-07-18,TravelNest,Travel,Flight / hotel booking,Kerala,2499,Very disappointed. Final bill had extra handling and platform fees that were not shown at checkout.,Hidden charges
C00480,2026-09-13,QuickKart,E-commerce,Online marketplace order,Maharashtra,2499,I returned the product 5 weeks ago but my refund has not been credited yet. Please take action.,Delayed refund
C00481,2026-07-06,StreamNova,OTT / Subscription,Video streaming plan,Delhi,1299,"Pls help. Unable to cancel the plan, it keeps auto renewing every month. Need response asap.",Subscription trap
C00482,2026-09-25,StreamNova,OTT / Subscription,Video streaming plan,Tamil Nadu,9999,"Sir/Madam, Received a defective item, seller refuses replacement. Need response asap.",Defective product
C00483,2026-03-28,TravelNest,Travel,Flight / hotel booking,Delhi,1299,"Ad promised guaranteed delivery in 1 day, this was false. Kindly resolve.",Misleading advertisement
C00484,2025-11-23,FitLife,Health & fitness,Gym membership app,Uttar Pradesh,199,"Checkout pe alag se extra fee laga diya, pehle nahi bataya tha. Please take action.",Hidden charges
C00485,2026-04-12,StreamNova,OTT / Subscription,Video streaming plan,Delhi,9999,"URGENT: Received a defective item, seller refuses replacement.",Defective product
C00486,2026-09-03,FreshBasket,Quick commerce,Grocery delivery,Gujarat,99,Final bill had extra handling and platform fees that were not shown at checkout. Paisa wapas chahiye.,Hidden charges
C00487,2026-09-12,StreamNova,OTT / Subscription,Video streaming plan,Uttar Pradesh,499,Free trial converted to paid automatically. No easy way to unsubscribe. Please take action.,Subscription trap
C00488,2026-09-02,FreshBasket,Quick commerce,Grocery delivery,Gujarat,149,"Checkout pe alag se extra fee laga diya, pehle nahi bataya tha.",Hidden charges
C00489,2026-07-31,FreshBasket,Quick commerce,Grocery delivery,Maharashtra,199,"Very disappointed. Paise cut gaye lekin refund abhi tak nahi aaya, 3 weeks ho gaye.",Delayed refund
C00490,2026-06-26,QuickKart,E-commerce,Online marketplace order,West Bengal,4999,"Bahut bura experience: Product kharab nikla, defective piece mila aur replacement nahi de rahe. Kindly resolve.",Defective product
C00491,2026-04-03,ShopEase,E-commerce,Electronics,Karnataka,799,"Bahut bura experience: Product description said original brand, what arrived is different from advertised. Paisa wapas chahiye.",Misleading advertisement
C00492,2025-11-03,FreshBasket,Quick commerce,Grocery delivery,Karnataka,799,"Sir/Madam, Received a defective item, seller refuses replacement. Need response asap.",Defective product
C00493,2026-07-20,StreamNova,OTT / Subscription,Video streaming plan,Tamil Nadu,199,"Unable to cancel the plan, it keeps auto renewing every month. Need response asap.",Subscription trap
C00494,2026-09-26,StreamNova,OTT / Subscription,Video streaming plan,Uttar Pradesh,9999,URGENT: Free trial converted to paid automatically. No easy way to unsubscribe. Paisa wapas chahiye.,Subscription trap
C00495,2026-10-05,QuickKart,E-commerce,Online marketplace order,Gujarat,2499,Bahut bura experience: I returned the product 5 weeks ago but my refund has not been credited yet. Paisa wapas chahiye.,Delayed refund
C00496,2026-05-26,StreamNova,OTT / Subscription,Video streaming plan,Delhi,9999,Bahut bura experience: I returned the product 5 weeks ago but my refund has not been credited yet. Kindly resolve.,Delayed refund
C00497,2026-09-13,QuickKart,E-commerce,Online marketplace order,Telangana,499,"Bahut bura experience: Order cancelled, money deducted but refund never received. Kindly resolve.",Delayed refund
C00498,2026-09-11,QuickKart,E-commerce,Online marketplace order,Delhi,2499,"Very disappointed. Paise cut gaye lekin refund abhi tak nahi aaya, 3 weeks ho gaye. Please take action.",Delayed refund
C00499,2025-11-03,TravelNest,Travel,Flight / hotel booking,Delhi,199,"Bahut bura experience: App collected my contacts and location without permission, privacy violated.",Data misuse
C00500,2026-09-03,FreshBasket,Quick commerce,Grocery delivery,Maharashtra,99,"Surprise additional charges appeared on my invoice, the price shown earlier was lower. Kindly resolve.",Hidden charges
C00501,2026-08-27,QuickKart,E-commerce,Online marketplace order,Uttar Pradesh,499,I returned the product 5 weeks ago but my refnd has not been credited yet. Kindly resolve.,Delayed refund
C00502,2026-07-20,FreshBasket,Quick commerce,Grocery delivery,Kerala,9999,"Bahut bura experience: Refund promised in 7 days, still pending after a month. Support keeps giving new dates.",Delayed refund
C00503,2026-04-08,ShopEase,E-commerce,Electronics,Rajasthan,9999,"URGENT: Very bad service, nobody is responding to me. Need response asap.",Other
C00504,2026-01-06,FreshBasket,Quick commerce,Grocery delivery,Karnataka,4999,Pls help. I started getting spam calls right after sharing my phone number with this app. Paisa wapas chahiye.,Data misuse
C00505,2026-06-12,PayEasy,Fintech,Wallet / UPI app,Delhi,4999,"Product kharab nikla, defectve piece mila aur replacement nahi de rahe.",Defective product
C00506,2026-09-05,QuickKart,E-commerce,Online marketplace order,West Bengal,2499,"Sir/Madam, Refund promised in 7 days, still pending after a month. Support keeps giving new dates.",Delayed refund
C00507,2026-05-06,CabGo,Ride hailing,Cab booking,Telangana,9999,My personal data was shared with third parties without my consent.,Data misuse
C00508,2026-03-04,CabGo,Ride hailing,Cab booking,Rajasthan,1299,"Sir/Madam, Product kharab nikla, defective piece mila aur replacement nahi de rahe. Paisa wapas chahiye.",Defective product
C00509,2026-04-24,PayEasy,Fintech,Wallet / UPI app,Telangana,4999,"Unable to cancel the plan, it keeps auto renewing every month. Need response asap.",Subscription trap
C00510,2026-06-04,PayEasy,Fintech,Wallet / UPI app,Maharashtra,1299,Pls help. My subscription auto-renewed without any reminder and the cancel option is hidden. Paisa wapas chahiye.,Subscription trap
C00511,2025-11-07,ShopEase,E-commerce,Electronics,Uttar Pradesh,2499,"Sir/Madam, The advertisement claimed 50% off but the actual price was higher. Misleading offer. Kindly resolve.",Misleading advertisement
C00512,2026-10-04,ShopEase,E-commerce,Electronics,Tamil Nadu,2499,"Very disappointed. Advertisement mein jo dikhaya woh product alag nikla, misleading claim. Kindly resolve.",Misleading advertisement
C00513,2025-10-13,FitLife,Health & fitness,Gym membership app,Tamil Nadu,2499,Pls help. Customer care is rude and unhelpful. Please look into it. Kindly resolve.,Other
C00514,2026-05-09,QuickKart,E-commerce,Online marketplace order,Delhi,199,Bahut bura experience: The advertisment claimed 50% off but the actual price was higher. Misleading offer. Kindly resolve.,Misleading advertisement
C00515,2025-12-12,FitLife,Health & fitness,Gym membership app,Delhi,799,Very disappointed. Customer care is rude and unhelpful. Please look into it. Paisa wapas chahiye.,Other
C00516,2026-01-23,FreshBasket,Quick commerce,Grocery delivery,Maharashtra,1299,"Subcription band nahi ho raha, har mahine renew ho jata hai. Paisa wapas chahiye.",Subscription trap
C00517,2026-01-24,FreshBasket,Quick commerce,Grocery delivery,Maharashtra,199,"Surprise additional charges appeared on my invoice, the price shown earlier was lower. Please take action.",Hidden charges
C00518,2026-06-28,QuickKart,E-commerce,Online marketplace order,Gujarat,9999,Product arrived damaged and stopped working in two days.,Defective product
C00519,2025-12-01,FreshBasket,Quick commerce,Grocery delivery,Uttar Pradesh,199,URGENT: Product arrived damaged and stopped working in two days. Kindly resolve.,Defective product
C00520,2026-08-05,ShopEase,E-commerce,Electronics,Tamil Nadu,1299,"Order cancelled, money deducted but refnd never received.",Delayed refund
C00521,2026-07-11,StreamNova,OTT / Subscription,Video streaming plan,Rajasthan,9999,"Sir/Madam, Subscription band nahi ho raha, har mahine renew ho jata hai.",Subscription trap
C00522,2026-08-30,QuickKart,E-commerce,Online marketplace order,Telangana,199,"Order cancleled, money deducted but refund never received. Paisa wapas chahiye.",Delayed refund
C00523,2026-08-26,StreamNova,OTT / Subscription,Video streaming plan,Kerala,9999,"Product description said original brand, what arrived is different from advertised. Need response asap.",Misleading advertisement
C00524,2026-03-21,ShopEase,E-commerce,Electronics,Telangana,499,"Poor experience overall, want someone senior to call me. Need response asap.",Other
C00525,2026-02-13,FitLife,Health & fitness,Gym membership app,Delhi,4999,"Mera persnal data bina consent ke share kiya gaya, spam calls aa rahe hain.",Data misuse
C00526,2026-06-23,TravelNest,Travel,Flight / hotel booking,Kerala,499,"Sir/Madam, My personal data was shared with third parties without my consent.",Data misuse
C00527,2025-10-26,StreamNova,OTT / Subscription,Video streaming plan,Karnataka,799,"Sir/Madam, Paise cut gaye lekin refund abhi tak nahi aaya, 3 weeks ho gaye. Kindly resolve.",Delayed refund
C00528,2026-09-25,StreamNova,OTT / Subscription,Video streaming plan,Maharashtra,4999,Very disappointed. My subscription auto-renewed without any reminder and the cancle option is hidden. Paisa wapas chahiye.,Subscription trap
C00529,2026-09-29,QuickKart,E-commerce,Online marketplace order,West Bengal,4999,"URGENT: Order cancleled, money deducted but refund never received. Paisa wapas chahiye.",Delayed refund
C00530,2025-12-01,QuickKart,E-commerce,Online marketplace order,Telangana,1299,"Very disappointed. Very bad service, nobody is responding to me.",Other
C00531,2026-03-26,TravelNest,Travel,Flight / hotel booking,Uttar Pradesh,199,"Poor experience overall, want someone senior to call me. Kindly resolve.",Other
C00532,2026-08-29,PayEasy,Fintech,Wallet / UPI app,West Bengal,499,"Very bad service, nobody is responding to me.",Other
C00533,2026-07-09,QuickKart,E-commerce,Online marketplace order,Gujarat,9999,"URGENT: Very bad service, nobody is responding to me. Paisa wapas chahiye.",Other
C00534,2026-09-03,StreamNova,OTT / Subscription,Video streaming plan,Kerala,1299,"Pls help. Subcription band nahi ho raha, har mahine renew ho jata hai. Kindly resolve.",Subscription trap
C00535,2026-01-11,ShopEase,E-commerce,Electronics,Telangana,199,"Advertisement mein jo dikhaya woh product alag nikla, misleading claim. Please take action.",Misleading advertisement
C00536,2026-03-21,PayEasy,Fintech,Wallet / UPI app,West Bengal,1299,I returned the product 5 weeks ago but my refund has not been credited yet.,Delayed refund
C00537,2026-04-29,FitLife,Health & fitness,Gym membership app,Maharashtra,1299,I returned the product 5 weeks ago but my refund has not been credited yet. Paisa wapas chahiye.,Delayed refund
C00538,2025-12-27,FreshBasket,Quick commerce,Grocery delivery,Maharashtra,9999,"Very disappointed. Received a defective item, seller refuses replacement. Need response asap.",Defective product
C00539,2026-04-16,PayEasy,Fintech,Wallet / UPI app,Delhi,1299,"Sir/Madam, Checkout pe alag se extra fee laga diya, pehle nahi bataya tha.",Hidden charges
C00540,2026-06-16,StreamNova,OTT / Subscription,Video streaming plan,Karnataka,499,Bahut bura experience: Free trial converted to paid automatically. No easy way to unsubscribe. Kindly resolve.,Subscription trap
C00541,2026-09-30,TravelNest,Travel,Flight / hotel booking,West Bengal,199,"Very disappointed. Unable to cancel the plan, it keeps auto renewing every month. Kindly resolve.",Subscription trap
C00542,2026-05-25,CabGo,Ride hailing,Cab booking,Karnataka,799,"Very disappointed. Order cancleled, money deducted but refund never received.",Delayed refund
C00543,2026-08-14,QuickKart,E-commerce,Online marketplace order,Karnataka,499,"Refnd promised in 7 days, still pending after a month. Support keeps giving new dates.",Delayed refund
C00544,2026-07-12,StreamNova,OTT / Subscription,Video streaming plan,Gujarat,4999,I was charged a hidden convenience fee added at the last step.,Hidden charges
C00545,2026-03-18,PayEasy,Fintech,Wallet / UPI app,Rajasthan,9999,URGENT: Free trial converted to paid automatically. No easy way to unsubscribe. Paisa wapas chahiye.,Subscription trap
C00546,2026-04-28,ShopEase,E-commerce,Electronics,Rajasthan,199,"Very disappointed. Refund promised in 7 days, still pending after a month. Support keeps giving new dates.",Delayed refund
C00547,2026-04-18,StreamNova,OTT / Subscription,Video streaming plan,Rajasthan,1299,My subscription auto-renewed without any reminder and the cancle option is hidden. Please take action.,Subscription trap
C00548,2026-02-06,TravelNest,Travel,Flight / hotel booking,Delhi,9999,I returned the product 5 weeks ago but my refnd has not been credited yet. Kindly resolve.,Delayed refund
C00549,2026-03-29,FreshBasket,Quick commerce,Grocery delivery,Uttar Pradesh,9999,"Very disappointed. Poor experience overall, want someone senior to call me.",Other
C00550,2025-12-27,PayEasy,Fintech,Wallet / UPI app,Kerala,499,Device is faulty and broken right out of the box. Kindly resolve.,Defective product
C00551,2026-06-01,QuickKart,E-commerce,Online marketplace order,Delhi,2499,"Product description said original brand, what arrived is different from advertised.",Misleading advertisement
C00552,2026-08-07,ShopEase,E-commerce,Electronics,Karnataka,799,Bahut bura experience: Product arrived damaged and stopped working in two days. Please take action.,Defective product
C00553,2026-02-09,ShopEase,E-commerce,Electronics,Karnataka,499,Bahut bura experience: Product arrived damaged and stopped working in two days. Please take action.,Defective product
C00554,2026-08-14,QuickKart,E-commerce,Online marketplace order,Maharashtra,2499,"Pls help. Paise cut gaye lekin refund abhi tak nahi aaya, 3 weeks ho gaye. Please take action.",Delayed refund
C00555,2026-09-18,StreamNova,OTT / Subscription,Video streaming plan,Telangana,1299,Free trial converted to paid automatically. No easy way to unsubscribe. Please take action.,Subscription trap
C00556,2026-10-09,FreshBasket,Quick commerce,Grocery delivery,Gujarat,149,"Sir/Madam, Checkout pe alag se extra fee laga diya, pehle nahi bataya tha. Please take action.",Hidden charges
C00557,2026-10-02,TravelNest,Travel,Flight / hotel booking,Maharashtra,499,"Product kharab nikla, defectve piece mila aur replacement nahi de rahe.",Defective product
C00558,2025-10-14,FreshBasket,Quick commerce,Grocery delivery,Rajasthan,9999,"Sir/Madam, Customer care is rude and unhelpful. Please look into it. Kindly resolve.",Other
C00559,2026-09-28,CabGo,Ride hailing,Cab booking,Karnataka,2499,Pls help. I returned the product 5 weeks ago but my refund has not been credited yet. Please take action.,Delayed refund
C00560,2026-09-15,FreshBasket,Quick commerce,Grocery delivery,Gujarat,99,"Sir/Madam, Surprise additional charges appeared on my invoice, the price shown earlier was lower.",Hidden charges
C00561,2026-06-16,TravelNest,Travel,Flight / hotel booking,Tamil Nadu,199,"URGENT: Subcription band nahi ho raha, har mahine renew ho jata hai. Need response asap.",Subscription trap
C00562,2026-10-03,FreshBasket,Quick commerce,Grocery delivery,Gujarat,199,Bahut bura experience: I was charged a hidden convenience fee added at the last step.,Hidden charges
C00563,2026-04-08,FreshBasket,Quick commerce,Grocery delivery,Maharashtra,9999,Customer care is rude and unhelpful. Please look into it. Please take action.,Other
C00564,2026-09-21,PayEasy,Fintech,Wallet / UPI app,Telangana,799,My personal data was shared with third parties without my consent.,Data misuse
C00565,2026-09-20,QuickKart,E-commerce,Online marketplace order,Uttar Pradesh,199,"Bahut bura experience: Paise cut gaye lekin refund abhi tak nahi aaya, 3 weeks ho gaye.",Delayed refund
C00566,2026-09-14,FreshBasket,Quick commerce,Grocery delivery,Maharashtra,149,"Checkout pe alag se extra fee laga diya, pehle nahi bataya tha. Need response asap.",Hidden charges
C00567,2026-09-07,QuickKart,E-commerce,Online marketplace order,Tamil Nadu,2499,"Pls help. Paise cut gaye lekin refnd abhi tak nahi aaya, 3 weeks ho gaye. Please take action.",Delayed refund
C00568,2025-11-17,QuickKart,E-commerce,Online marketplace order,Kerala,1299,Device is faulty and broken right out of the box.,Defective product
C00569,2026-07-15,StreamNova,OTT / Subscription,Video streaming plan,Delhi,799,Bahut bura experience: My subscription auto-renewed without any reminder and the cancel option is hidden.,Subscription trap
C00570,2026-01-19,ShopEase,E-commerce,Electronics,Delhi,1299,"Sir/Madam, Mera personal data bina consent ke share kiya gaya, spam calls aa rahe hain. Kindly resolve.",Data misuse
C00571,2026-06-14,StreamNova,OTT / Subscription,Video streaming plan,Karnataka,499,Product arrived damaged and stopped working in two days. Kindly resolve.,Defective product
C00572,2026-08-10,StreamNova,OTT / Subscription,Video streaming plan,West Bengal,199,Free trial converted to paid automatically. No easy way to unsubscribe. Kindly resolve.,Subscription trap
C00573,2026-03-29,QuickKart,E-commerce,Online marketplace order,Karnataka,4999,"Sir/Madam, Free trial converted to paid automatically. No easy way to unsubscribe. Need response asap.",Subscription trap
C00574,2026-05-22,TravelNest,Travel,Flight / hotel booking,Karnataka,499,"Sir/Madam, Very bad service, nobody is responding to me. Kindly resolve.",Other
C00575,2025-12-09,StreamNova,OTT / Subscription,Video streaming plan,Rajasthan,2499,"Product kharab nikla, defective piece mila aur replacement nahi de rahe.",Defective product
C00576,2026-01-21,ShopEase,E-commerce,Electronics,Karnataka,1299,"Bahut bura experience: Paise cut gaye lekin refund abhi tak nahi aaya, 3 weeks ho gaye. Kindly resolve.",Delayed refund
C00577,2026-08-02,TravelNest,Travel,Flight / hotel booking,Uttar Pradesh,1299,"Sir/Madam, Product kharab nikla, defectve piece mila aur replacement nahi de rahe.",Defective product
C00578,2025-11-21,PayEasy,Fintech,Wallet / UPI app,Gujarat,9999,"Sir/Madam, Refund promised in 7 days, still pending after a month. Support keeps giving new dates.",Delayed refund
C00579,2026-09-15,QuickKart,E-commerce,Online marketplace order,Rajasthan,4999,"Order cancleled, money deducted but refund never received.",Delayed refund
C00580,2026-04-04,PayEasy,Fintech,Wallet / UPI app,Karnataka,199,"Very disappointed. Product kharab nikla, defectve piece mila aur replacement nahi de rahe. Paisa wapas chahiye.",Defective product
C00581,2026-09-10,QuickKart,E-commerce,Online marketplace order,Telangana,4999,"Bahut bura experience: Refund promised in 7 days, still pending after a month. Support keeps giving new dates.",Delayed refund
C00582,2025-10-30,TravelNest,Travel,Flight / hotel booking,Karnataka,499,"Pls help. Refund promised in 7 days, still pending after a month. Support keeps giving new dates. Need response asap.",Delayed refund
C00583,2026-09-09,PayEasy,Fintech,Wallet / UPI app,Karnataka,199,"Pls help. App collected my contacts and location without permission, privacy violated. Kindly resolve.",Data misuse
C00584,2026-06-27,StreamNova,OTT / Subscription,Video streaming plan,Uttar Pradesh,199,My subcription auto-renewed without any reminder and the cancel option is hidden. Please take action.,Subscription trap
C00585,2026-08-05,ShopEase,E-commerce,Electronics,Delhi,4999,"Pls help. Product description said original brand, what arrived is different from advertised. Paisa wapas chahiye.",Misleading advertisement
C00586,2026-06-03,FitLife,Health & fitness,Gym membership app,Uttar Pradesh,9999,Customer care is rude and unhelpful. Please look into it. Please take action.,Other
C00587,2026-10-01,StreamNova,OTT / Subscription,Video streaming plan,Delhi,9999,Free trial converted to paid automatically. No easy way to unsubscribe. Need response asap.,Subscription trap
C00588,2026-02-11,TravelNest,Travel,Flight / hotel booking,West Bengal,9999,"Pls help. Unable to cancel the plan, it keeps auto renewing every month.",Subscription trap
C00589,2026-07-24,FitLife,Health & fitness,Gym membership app,Delhi,499,"Sir/Madam, I was charged a hidden convenience fee added at the last step. Need response asap.",Hidden charges
C00590,2026-09-27,PayEasy,Fintech,Wallet / UPI app,Tamil Nadu,2499,Pls help. I started getting spam calls right after sharing my phone number with this app.,Data misuse
C00591,2026-09-16,PayEasy,Fintech,Wallet / UPI app,Delhi,2499,I started getting spam calls right after sharing my phone number with this app.,Data misuse
C00592,2025-10-31,ShopEase,E-commerce,Electronics,Maharashtra,799,Pls help. The advertisement claimed 50% off but the actual price was higher. Misleading offer.,Misleading advertisement
C00593,2026-09-11,FreshBasket,Quick commerce,Grocery delivery,Gujarat,149,"Very disappointed. Checkout pe alag se extra fee laga diya, pehle nahi bataya tha. Kindly resolve.",Hidden charges
C00594,2026-09-28,StreamNova,OTT / Subscription,Video streaming plan,Telangana,199,Free trial converted to paid automatically. No easy way to unsubscribe.,Subscription trap
C00595,2025-12-10,StreamNova,OTT / Subscription,Video streaming plan,Rajasthan,9999,"URGENT: Received a defectve item, seller refuses replacement.",Defective product
C00596,2026-09-02,ShopEase,E-commerce,Electronics,West Bengal,1299,"Pls help. Advertisement mein jo dikhaya woh product alag nikla, misleading claim. Please take action.",Misleading advertisement
C00597,2026-09-22,QuickKart,E-commerce,Online marketplace order,Gujarat,799,"Sir/Madam, Refund promised in 7 days, still pending after a month. Support keeps giving new dates. Need response asap.",Delayed refund
C00598,2026-06-15,FitLife,Health & fitness,Gym membership app,West Bengal,199,URGENT: Free trial converted to paid automatically. No easy way to unsubscribe.,Subscription trap
C00599,2026-08-27,TravelNest,Travel,Flight / hotel booking,Karnataka,199,Very disappointed. Free trial converted to paid automatically. No easy way to unsubscribe. Please take action.,Subscription trap
C00600,2026-08-02,QuickKart,E-commerce,Online marketplace order,Tamil Nadu,199,"Paise cut gaye lekin refund abhi tak nahi aaya, 3 weeks ho gaye. Need response asap.",Delayed refund
C00601,2026-04-21,CabGo,Ride hailing,Cab booking,Rajasthan,799,"Sir/Madam, Free trial converted to paid automatically. No easy way to unsubscribe.",Subscription trap
C00602,2026-09-09,StreamNova,OTT / Subscription,Video streaming plan,Delhi,2499,"Sir/Madam, Unable to cancel the plan, it keeps auto renewing every month. Kindly resolve.",Subscription trap
C00603,2026-07-21,StreamNova,OTT / Subscription,Video streaming plan,Tamil Nadu,799,"Sir/Madam, I started getting spam calls right after sharing my phone number with this app.",Data misuse
C00604,2026-09-12,QuickKart,E-commerce,Online marketplace order,Rajasthan,9999,"Order cancelled, money deducted but refund never received. Need response asap.",Delayed refund
C00605,2026-01-07,QuickKart,E-commerce,Online marketplace order,Gujarat,1299,"Bahut bura experience: Order cancelled, money deducted but refund never received. Kindly resolve.",Delayed refund
C00606,2026-08-28,TravelNest,Travel,Flight / hotel booking,Tamil Nadu,9999,"Bahut bura experience: Ad promised guaranteed delivery in 1 day, this was false. Paisa wapas chahiye.",Misleading advertisement
C00607,2026-09-01,FreshBasket,Quick commerce,Grocery delivery,Gujarat,49,"Sir/Madam, Final bill had extra handling and platform fees that were not shown at checkout. Paisa wapas chahiye.",Hidden charges
C00608,2026-09-07,FreshBasket,Quick commerce,Grocery delivery,Gujarat,149,"Bahut bura experience: Checkout pe alag se extra fee laga diya, pehle nahi bataya tha. Need response asap.",Hidden charges
C00609,2026-08-12,QuickKart,E-commerce,Online marketplace order,Uttar Pradesh,199,"Refund promised in 7 days, still pending after a month. Support keeps giving new dates. Paisa wapas chahiye.",Delayed refund
C00610,2026-04-15,ShopEase,E-commerce,Electronics,Maharashtra,799,"Ad promised guaranteed delivery in 1 day, this was false.",Misleading advertisement
C00611,2025-12-06,FreshBasket,Quick commerce,Grocery delivery,Karnataka,799,"Order cancelled, money deducted but refund never received.",Delayed refund
C00612,2025-12-10,CabGo,Ride hailing,Cab booking,Telangana,4999,I started getting spam calls right after sharing my phone number with this app. Paisa wapas chahiye.,Data misuse
C00613,2026-08-26,FreshBasket,Quick commerce,Grocery delivery,Gujarat,199,Pls help. Final bill had extra handling and platform fees that were not shown at checkout.,Hidden charges
C00614,2026-04-16,StreamNova,OTT / Subscription,Video streaming plan,Kerala,199,"Sir/Madam, Product arrived damaged and stopped working in two days.",Defective product
C00615,2026-10-04,FreshBasket,Quick commerce,Grocery delivery,Gujarat,99,I was charged a hidden convenience fee added at the last step.,Hidden charges
C00616,2026-10-04,QuickKart,E-commerce,Online marketplace order,Delhi,2499,"Refund promised in 7 days, still pending after a month. Support keeps giving new dates.",Delayed refund
C00617,2026-06-18,FreshBasket,Quick commerce,Grocery delivery,Karnataka,199,"Pls help. App collected my contacts and location without permission, privacy violated.",Data misuse
C00618,2026-01-01,QuickKart,E-commerce,Online marketplace order,Telangana,9999,Bahut bura experience: Free trial converted to paid automatically. No easy way to unsubscribe.,Subscription trap
C00619,2026-09-15,FreshBasket,Quick commerce,Grocery delivery,Gujarat,49,Final bill had extra handling and platform fees that were not shown at checkout. Kindly resolve.,Hidden charges
C00620,2025-10-24,StreamNova,OTT / Subscription,Video streaming plan,Maharashtra,9999,My subcription auto-renewed without any reminder and the cancel option is hidden.,Subscription trap
C00621,2026-09-12,StreamNova,OTT / Subscription,Video streaming plan,Rajasthan,199,"URGENT: Product description said original brand, what arrived is different from advertised.",Misleading advertisement
C00622,2026-08-19,QuickKart,E-commerce,Online marketplace order,Tamil Nadu,9999,"Order cancelled, money deducted but refund never received. Please take action.",Delayed refund
C00623,2026-08-16,TravelNest,Travel,Flight / hotel booking,Telangana,199,"Sir/Madam, Very bad service, nobody is responding to me.",Other
C00624,2026-09-11,QuickKart,E-commerce,Online marketplace order,Tamil Nadu,2499,"Pls help. Refund promised in 7 days, still pending after a month. Support keeps giving new dates. Please take action.",Delayed refund
C00625,2025-11-01,QuickKart,E-commerce,Online marketplace order,Rajasthan,2499,"Mera personal data bina consent ke share kiya gaya, spam calls aa rahe hain.",Data misuse
C00626,2025-10-13,StreamNova,OTT / Subscription,Video streaming plan,Karnataka,199,Very disappointed. I was charged a hidden convenience fee added at the last step. Kindly resolve.,Hidden charges
C00627,2026-09-09,PayEasy,Fintech,Wallet / UPI app,Telangana,1299,I started getting spam calls right after sharing my phone number with this app.,Data misuse
C00628,2026-02-05,StreamNova,OTT / Subscription,Video streaming plan,Maharashtra,4999,"Poor experience overall, want someone senior to call me. Please take action.",Other
C00629,2026-02-28,FitLife,Health & fitness,Gym membership app,Telangana,9999,I returned the product 5 weeks ago but my refund has not been credited yet. Kindly resolve.,Delayed refund
C00630,2026-08-30,QuickKart,E-commerce,Online marketplace order,Rajasthan,499,"Very disappointed. Paise cut gaye lekin refund abhi tak nahi aaya, 3 weeks ho gaye.",Delayed refund
C00631,2026-06-24,ShopEase,E-commerce,Electronics,Maharashtra,4999,I was charged a hidden convenience fee added at the last step.,Hidden charges
C00632,2026-08-15,QuickKart,E-commerce,Online marketplace order,West Bengal,799,"Sir/Madam, I returned the product 5 weeks ago but my refnd has not been credited yet. Please take action.",Delayed refund
C00633,2026-06-07,CabGo,Ride hailing,Cab booking,Gujarat,199,"Very disappointed. Product kharab nikla, defectve piece mila aur replacement nahi de rahe. Please take action.",Defective product
C00634,2026-08-22,PayEasy,Fintech,Wallet / UPI app,Karnataka,1299,"Bahut bura experience: Product description said original brand, what arrived is different from advertised. Paisa wapas chahiye.",Misleading advertisement
C00635,2026-09-07,PayEasy,Fintech,Wallet / UPI app,Telangana,4999,Very disappointed. I started getting spam calls right after sharing my phone number with this app.,Data misuse
C00636,2026-04-02,FreshBasket,Quick commerce,Grocery delivery,Maharashtra,199,"Refund promised in 7 days, still pending after a month. Support keeps giving new dates. Need response asap.",Delayed refund
C00637,2025-10-29,TravelNest,Travel,Flight / hotel booking,Rajasthan,4999,Very disappointed. Product arrived damaged and stopped working in two days.,Defective product
C00638,2026-09-23,FreshBasket,Quick commerce,Grocery delivery,Maharashtra,149,"Surprise additional charges appeared on my invoice, the price shown earlier was lower. Kindly resolve.",Hidden charges
C00639,2025-10-22,TravelNest,Travel,Flight / hotel booking,Maharashtra,799,Very disappointed. Free trial converted to paid automatically. No easy way to unsubscribe. Please take action.,Subscription trap
C00640,2026-09-12,FreshBasket,Quick commerce,Grocery delivery,Maharashtra,49,"Sir/Madam, Surprise additional charges appeared on my invoice, the price shown earlier was lower.",Hidden charges
C00641,2026-05-29,StreamNova,OTT / Subscription,Video streaming plan,Delhi,199,"Sir/Madam, Mera persnal data bina consent ke share kiya gaya, spam calls aa rahe hain.",Data misuse
C00642,2026-06-09,PayEasy,Fintech,Wallet / UPI app,Tamil Nadu,2499,"Very disappointed. Surprise additional charges appeared on my invoice, the price shown earlier was lower.",Hidden charges
C00643,2026-02-21,StreamNova,OTT / Subscription,Video streaming plan,Telangana,4999,Customer care is rude and unhelpful. Please look into it. Please take action.,Other
C00644,2026-06-30,StreamNova,OTT / Subscription,Video streaming plan,Rajasthan,4999,"Surprise additional charges appeared on my invoice, the price shown earlier was lower.",Hidden charges
C00645,2025-12-11,QuickKart,E-commerce,Online marketplace order,West Bengal,9999,Bahut bura experience: I was charged a hidden convenience fee added at the last step. Need response asap.,Hidden charges
C00646,2026-09-12,QuickKart,E-commerce,Online marketplace order,Rajasthan,199,"Pls help. Paise cut gaye lekin refund abhi tak nahi aaya, 3 weeks ho gaye. Please take action.",Delayed refund
C00647,2026-09-30,PayEasy,Fintech,Wallet / UPI app,Gujarat,199,"Very bad service, nobody is responding to me. Need response asap.",Other
C00648,2026-07-23,StreamNova,OTT / Subscription,Video streaming plan,Tamil Nadu,199,Bahut bura experience: Free trial converted to paid automatically. No easy way to unsubscribe.,Subscription trap
C00649,2026-04-15,StreamNova,OTT / Subscription,Video streaming plan,Uttar Pradesh,199,"Unable to cancel the plan, it keeps auto renewing every month.",Subscription trap
C00650,2025-11-14,StreamNova,OTT / Subscription,Video streaming plan,Tamil Nadu,499,"App collected my contacts and location without permission, privacy violated. Please take action.",Data misuse
C00651,2026-10-05,StreamNova,OTT / Subscription,Video streaming plan,Uttar Pradesh,199,My subscription auto-renewed without any reminder and the cancel option is hidden. Please take action.,Subscription trap
C00652,2026-08-19,StreamNova,OTT / Subscription,Video streaming plan,Tamil Nadu,9999,Free trial converted to paid automatically. No easy way to unsubscribe. Need response asap.,Subscription trap
C00653,2026-09-04,PayEasy,Fintech,Wallet / UPI app,Kerala,1299,I started getting spam calls right after sharing my phone number with this app. Paisa wapas chahiye.,Data misuse
C00654,2025-10-23,QuickKart,E-commerce,Online marketplace order,Kerala,9999,"Sir/Madam, Poor experience overall, want someone senior to call me.",Other
C00655,2026-01-18,FitLife,Health & fitness,Gym membership app,Uttar Pradesh,1299,"Pls help. Product kharab nikla, defective piece mila aur replacement nahi de rahe. Please take action.",Defective product
C00656,2026-04-13,TravelNest,Travel,Flight / hotel booking,Delhi,4999,"Refnd promised in 7 days, still pending after a month. Support keeps giving new dates. Please take action.",Delayed refund
C00657,2026-08-22,FreshBasket,Quick commerce,Grocery delivery,Uttar Pradesh,1299,"Sir/Madam, My personal data was shared with third parties without my consent.",Data misuse
C00658,2026-03-02,FreshBasket,Quick commerce,Grocery delivery,Gujarat,499,"Very disappointed. Unable to cancle the plan, it keeps auto renewing every month. Please take action.",Subscription trap
C00659,2026-08-31,ShopEase,E-commerce,Electronics,Kerala,4999,"Bahut bura experience: Ad promised guaranteed delivery in 1 day, this was false. Please take action.",Misleading advertisement
C00660,2026-03-07,PayEasy,Fintech,Wallet / UPI app,Maharashtra,799,Final bill had extra handling and platform fees that were not shown at checkout.,Hidden charges
C00661,2026-04-28,QuickKart,E-commerce,Online marketplace order,West Bengal,4999,"Very disappointed. Checkout pe alag se extra fee laga diya, pehle nahi bataya tha. Paisa wapas chahiye.",Hidden charges
C00662,2026-06-14,StreamNova,OTT / Subscription,Video streaming plan,Maharashtra,799,"Bahut bura experience: Subscription band nahi ho raha, har mahine renew ho jata hai.",Subscription trap
C00663,2026-09-10,QuickKart,E-commerce,Online marketplace order,West Bengal,799,"Order cancelled, money deducted but refund never received. Paisa wapas chahiye.",Delayed refund
C00664,2026-07-15,PayEasy,Fintech,Wallet / UPI app,Telangana,199,Bahut bura experience: My subcription auto-renewed without any reminder and the cancel option is hidden.,Subscription trap
C00665,2026-08-28,QuickKart,E-commerce,Online marketplace order,Telangana,4999,"Sir/Madam, Order cancelled, money deducted but refund never received. Please take action.",Delayed refund
C00666,2026-04-09,PayEasy,Fintech,Wallet / UPI app,Delhi,4999,"Very disappointed. Order cancelled, money deducted but refund never received. Need response asap.",Delayed refund
C00667,2026-03-21,PayEasy,Fintech,Wallet / UPI app,Maharashtra,199,Pls help. Final bill had extra handling and platform fees that were not shown at checkout. Kindly resolve.,Hidden charges
C00668,2025-12-08,StreamNova,OTT / Subscription,Video streaming plan,Uttar Pradesh,9999,"Bahut bura experience: App collected my contacts and location without permission, privacy violated.",Data misuse
C00669,2026-04-26,QuickKart,E-commerce,Online marketplace order,Telangana,4999,Bahut bura experience: Product arrived damaged and stopped working in two days.,Defective product
C00670,2025-10-10,ShopEase,E-commerce,Electronics,Rajasthan,1299,"URGENT: Product description said original brand, what arrived is different from advertised. Paisa wapas chahiye.",Misleading advertisement
C00671,2026-05-04,TravelNest,Travel,Flight / hotel booking,Kerala,1299,"Pls help. Ad promised guaranteed delivery in 1 day, this was false. Need response asap.",Misleading advertisement
C00672,2026-08-13,QuickKart,E-commerce,Online marketplace order,Karnataka,9999,"Pls help. Paise cut gaye lekin refund abhi tak nahi aaya, 3 weeks ho gaye. Paisa wapas chahiye.",Delayed refund
C00673,2026-03-24,QuickKart,E-commerce,Online marketplace order,Uttar Pradesh,2499,URGENT: I started getting spam calls right after sharing my phone number with this app.,Data misuse
C00674,2026-07-26,StreamNova,OTT / Subscription,Video streaming plan,West Bengal,4999,"Bahut bura experience: Unable to cancel the plan, it keeps auto renewing every month.",Subscription trap
C00675,2026-04-01,FitLife,Health & fitness,Gym membership app,Tamil Nadu,1299,"Very bad service, nobody is responding to me.",Other
C00676,2026-09-23,CabGo,Ride hailing,Cab booking,Maharashtra,199,I returned the product 5 weeks ago but my refund has not been credited yet. Please take action.,Delayed refund
C00677,2026-06-23,PayEasy,Fintech,Wallet / UPI app,Tamil Nadu,799,URGENT: I returned the product 5 weeks ago but my refund has not been credited yet. Kindly resolve.,Delayed refund
C00678,2025-11-16,CabGo,Ride hailing,Cab booking,Kerala,4999,Free trial converted to paid automatically. No easy way to unsubscribe. Need response asap.,Subscription trap
C00679,2026-03-02,PayEasy,Fintech,Wallet / UPI app,Karnataka,1299,URGENT: I started getting spam calls right after sharing my phone number with this app.,Data misuse
C00680,2026-07-17,QuickKart,E-commerce,Online marketplace order,Gujarat,499,"Poor experience overall, want someone senior to call me.",Other
C00681,2026-08-16,StreamNova,OTT / Subscription,Video streaming plan,Uttar Pradesh,499,My subscription auto-renewed without any reminder and the cancle option is hidden. Paisa wapas chahiye.,Subscription trap
C00682,2026-09-25,QuickKart,E-commerce,Online marketplace order,Tamil Nadu,199,"Pls help. Order cancelled, money deducted but refund never received.",Delayed refund
C00683,2026-09-15,QuickKart,E-commerce,Online marketplace order,West Bengal,4999,"Order cancelled, money deducted but refund never recieved. Need response asap.",Delayed refund
C00684,2026-02-09,ShopEase,E-commerce,Electronics,Maharashtra,499,"Product description said original brand, what arrived is different from advertised.",Misleading advertisement
C00685,2026-06-22,QuickKart,E-commerce,Online marketplace order,Maharashtra,199,"Sir/Madam, Product kharab nikla, defective piece mila aur replacement nahi de rahe.",Defective product
C00686,2025-10-28,TravelNest,Travel,Flight / hotel booking,Karnataka,499,The advertisement claimed 50% off but the actual price was higher. Misleading offer. Need response asap.,Misleading advertisement
C00687,2025-12-15,ShopEase,E-commerce,Electronics,Karnataka,199,"Very disappointed. Advertisment mein jo dikhaya woh product alag nikla, misleading claim.",Misleading advertisement
C00688,2026-05-26,PayEasy,Fintech,Wallet / UPI app,Tamil Nadu,799,Pls help. Customer care is rude and unhelpful. Please look into it. Please take action.,Other
C00689,2026-09-16,FreshBasket,Quick commerce,Grocery delivery,Gujarat,49,"Surprise additional charges appeared on my invoice, the price shown earlier was lower.",Hidden charges
C00690,2026-07-03,StreamNova,OTT / Subscription,Video streaming plan,Rajasthan,199,"Sir/Madam, Recieved a defective item, seller refuses replacement.",Defective product
C00691,2025-12-16,PayEasy,Fintech,Wallet / UPI app,Uttar Pradesh,799,"Received a defective item, seller refuses replacement.",Defective product
C00692,2026-08-29,ShopEase,E-commerce,Electronics,Tamil Nadu,1299,URGENT: My subscription auto-renewed without any reminder and the cancel option is hidden.,Subscription trap
C00693,2026-07-19,StreamNova,OTT / Subscription,Video streaming plan,West Bengal,799,Bahut bura experience: Free trial converted to paid automatically. No easy way to unsubscribe.,Subscription trap
C00694,2025-12-03,FreshBasket,Quick commerce,Grocery delivery,Maharashtra,4999,"Sir/Madam, Subscription band nahi ho raha, har mahine renew ho jata hai.",Subscription trap
C00695,2026-06-03,FreshBasket,Quick commerce,Grocery delivery,Maharashtra,799,"Pls help. Paise cut gaye lekin refund abhi tak nahi aaya, 3 weeks ho gaye.",Delayed refund
C00696,2026-01-30,ShopEase,E-commerce,Electronics,Telangana,4999,"Bahut bura experience: App collected my contacts and location without permission, privacy violated.",Data misuse
C00697,2026-07-14,ShopEase,E-commerce,Electronics,Karnataka,199,Product arrived damaged and stopped working in two days.,Defective product
C00698,2026-02-28,FitLife,Health & fitness,Gym membership app,Kerala,2499,"Order cancelled, money deducted but refund never received. Need response asap.",Delayed refund
C00699,2026-04-05,PayEasy,Fintech,Wallet / UPI app,Tamil Nadu,9999,Very disappointed. Final bill had extra handling and platform fees that were not shown at checkout.,Hidden charges
C00700,2026-08-09,CabGo,Ride hailing,Cab booking,Maharashtra,499,I was charged a hidden convenience fee added at the last step.,Hidden charges
C00701,2026-09-11,QuickKart,E-commerce,Online marketplace order,Gujarat,2499,"Paise cut gaye lekin refund abhi tak nahi aaya, 3 weeks ho gaye.",Delayed refund
C00702,2026-03-17,ShopEase,E-commerce,Electronics,Telangana,9999,"Ad promised guaranteed delivery in 1 day, this was false. Kindly resolve.",Misleading advertisement
C00703,2026-08-18,QuickKart,E-commerce,Online marketplace order,Telangana,9999,I returned the product 5 weeks ago but my refnd has not been credited yet.,Delayed refund
C00704,2026-06-03,ShopEase,E-commerce,Electronics,Telangana,9999,"Sir/Madam, My subcription auto-renewed without any reminder and the cancel option is hidden.",Subscription trap
C00705,2025-12-06,CabGo,Ride hailing,Cab booking,Karnataka,9999,"Pls help. Subscription band nahi ho raha, har mahine renew ho jata hai.",Subscription trap
C00706,2026-10-03,FreshBasket,Quick commerce,Grocery delivery,Telangana,799,"Ad promised guaranteed delivery in 1 day, this was false. Kindly resolve.",Misleading advertisement
C00707,2026-02-10,StreamNova,OTT / Subscription,Video streaming plan,Uttar Pradesh,799,"Very disappointed. Surprise additional charges appeared on my invoice, the price shown earlier was lower. Please take action.",Hidden charges
C00708,2026-08-06,FreshBasket,Quick commerce,Grocery delivery,Telangana,2499,Pls help. The advertisement claimed 50% off but the actual price was higher. Misleading offer. Kindly resolve.,Misleading advertisement
C00709,2026-09-27,StreamNova,OTT / Subscription,Video streaming plan,Uttar Pradesh,199,URGENT: My subcription auto-renewed without any reminder and the cancel option is hidden. Paisa wapas chahiye.,Subscription trap
C00710,2026-10-07,PayEasy,Fintech,Wallet / UPI app,Karnataka,499,I started getting spam calls right after sharing my phone number with this app. Need response asap.,Data misuse
C00711,2026-09-23,FitLife,Health & fitness,Gym membership app,Kerala,499,"Unable to cancel the plan, it keeps auto renewing every month.",Subscription trap
C00712,2026-09-18,FreshBasket,Quick commerce,Grocery delivery,Maharashtra,49,"Sir/Madam, I was charged a hidden convenience fee added at the last step. Kindly resolve.",Hidden charges
C00713,2025-10-21,FitLife,Health & fitness,Gym membership app,Maharashtra,2499,Pls help. Final bill had extra handling and platform fees that were not shown at checkout. Please take action.,Hidden charges
C00714,2026-09-01,CabGo,Ride hailing,Cab booking,Delhi,4999,"URGENT: Very bad service, nobody is responding to me. Please take action.",Other
C00715,2026-09-08,PayEasy,Fintech,Wallet / UPI app,Uttar Pradesh,199,"Bahut bura experience: Mera personal data bina consent ke share kiya gaya, spam calls aa rahe hain. Please take action.",Data misuse
C00716,2026-03-19,FreshBasket,Quick commerce,Grocery delivery,Telangana,499,"Paise cut gaye lekin refund abhi tak nahi aaya, 3 weeks ho gaye.",Delayed refund
C00717,2026-09-08,ShopEase,E-commerce,Electronics,Gujarat,499,"Poor experience overall, want someone senior to call me. Kindly resolve.",Other
C00718,2025-10-15,TravelNest,Travel,Flight / hotel booking,Rajasthan,4999,"URGENT: Paise cut gaye lekin refnd abhi tak nahi aaya, 3 weeks ho gaye.",Delayed refund
C00719,2026-09-22,ShopEase,E-commerce,Electronics,Karnataka,4999,"Product description said original brand, what arrived is different from advertised. Please take action.",Misleading advertisement
C00720,2026-09-14,QuickKart,E-commerce,Online marketplace order,Tamil Nadu,199,"Sir/Madam, I returned the product 5 weeks ago but my refund has not been credited yet. Kindly resolve.",Delayed refund
C00721,2026-08-20,QuickKart,E-commerce,Online marketplace order,Karnataka,2499,"Refund promised in 7 days, still pending after a month. Support keeps giving new dates.",Delayed refund
C00722,2026-09-05,StreamNova,OTT / Subscription,Video streaming plan,Delhi,2499,Pls help. Free trial converted to paid automatically. No easy way to unsubscribe.,Subscription trap
C00723,2026-09-02,PayEasy,Fintech,Wallet / UPI app,Gujarat,1299,Bahut bura experience: My persnal data was shared with third parties without my consent. Kindly resolve.,Data misuse
C00724,2026-04-10,PayEasy,Fintech,Wallet / UPI app,Rajasthan,2499,"Sir/Madam, Surprise additional charges appeared on my invoice, the price shown earlier was lower. Paisa wapas chahiye.",Hidden charges
C00725,2026-09-08,QuickKart,E-commerce,Online marketplace order,Rajasthan,2499,"Pls help. Refund promised in 7 days, still pending after a month. Support keeps giving new dates. Kindly resolve.",Delayed refund
C00726,2026-03-23,FreshBasket,Quick commerce,Grocery delivery,West Bengal,199,"Bahut bura experience: Product description said original brand, what arrived is different from advertised. Please take action.",Misleading advertisement
C00727,2026-08-27,CabGo,Ride hailing,Cab booking,West Bengal,2499,"URGENT: Unable to cancle the plan, it keeps auto renewing every month. Paisa wapas chahiye.",Subscription trap
C00728,2026-04-23,ShopEase,E-commerce,Electronics,Maharashtra,799,URGENT: Customer care is rude and unhelpful. Please look into it.,Other
C00729,2026-09-02,QuickKart,E-commerce,Online marketplace order,Rajasthan,799,"Very disappointed. Paise cut gaye lekin refund abhi tak nahi aaya, 3 weeks ho gaye.",Delayed refund
C00730,2026-08-04,StreamNova,OTT / Subscription,Video streaming plan,Rajasthan,799,"Sir/Madam, My subscription auto-renewed without any reminder and the cancel option is hidden. Please take action.",Subscription trap
C00731,2026-09-29,QuickKart,E-commerce,Online marketplace order,Rajasthan,1299,"URGENT: Refund promised in 7 days, still pending after a month. Support keeps giving new dates. Need response asap.",Delayed refund
C00732,2026-02-26,FreshBasket,Quick commerce,Grocery delivery,Maharashtra,199,"Product description said original brand, what arrived is different from advertised.",Misleading advertisement
C00733,2026-02-20,QuickKart,E-commerce,Online marketplace order,Telangana,499,"Checkout pe alag se extra fee laga diya, pehle nahi bataya tha.",Hidden charges
C00734,2026-01-20,FitLife,Health & fitness,Gym membership app,West Bengal,199,Final bill had extra handling and platform fees that were not shown at checkout. Paisa wapas chahiye.,Hidden charges
C00735,2026-08-15,QuickKart,E-commerce,Online marketplace order,West Bengal,799,"Paise cut gaye lekin refund abhi tak nahi aaya, 3 weeks ho gaye.",Delayed refund
C00736,2026-08-31,FreshBasket,Quick commerce,Grocery delivery,Kerala,9999,"Very bad service, nobody is responding to me. Please take action.",Other
C00737,2025-11-08,ShopEase,E-commerce,Electronics,Maharashtra,4999,"URGENT: Ad promised guaranteed delivery in 1 day, this was false.",Misleading advertisement
C00738,2026-09-08,FreshBasket,Quick commerce,Grocery delivery,Gujarat,99,"Checkout pe alag se extra fee laga diya, pehle nahi bataya tha.",Hidden charges
C00739,2026-09-26,QuickKart,E-commerce,Online marketplace order,Uttar Pradesh,9999,"Refund promised in 7 days, still pending after a month. Support keeps giving new dates. Please take action.",Delayed refund
C00740,2025-12-18,PayEasy,Fintech,Wallet / UPI app,Maharashtra,1299,"URGENT: Advertisement mein jo dikhaya woh product alag nikla, misleading claim.",Misleading advertisement
C00741,2026-06-21,FitLife,Health & fitness,Gym membership app,West Bengal,1299,"Very disappointed. Paise cut gaye lekin refund abhi tak nahi aaya, 3 weeks ho gaye. Kindly resolve.",Delayed refund
C00742,2025-11-07,PayEasy,Fintech,Wallet / UPI app,Maharashtra,499,URGENT: Free trial converted to paid automatically. No easy way to unsubscribe. Paisa wapas chahiye.,Subscription trap
C00743,2026-09-09,QuickKart,E-commerce,Online marketplace order,Kerala,2499,"Bahut bura experience: Refund promised in 7 days, still pending after a month. Support keeps giving new dates. Paisa wapas chahiye.",Delayed refund
C00744,2026-03-26,TravelNest,Travel,Flight / hotel booking,Maharashtra,4999,Pls help. I returned the product 5 weeks ago but my refund has not been credited yet.,Delayed refund
C00745,2026-04-08,CabGo,Ride hailing,Cab booking,Delhi,199,"Mera personal data bina consent ke share kiya gaya, spam calls aa rahe hain. Kindly resolve.",Data misuse
C00746,2026-05-27,FreshBasket,Quick commerce,Grocery delivery,Gujarat,9999,"Pls help. Product kharab nikla, defective piece mila aur replacement nahi de rahe. Kindly resolve.",Defective product
C00747,2026-09-03,FreshBasket,Quick commerce,Grocery delivery,Gujarat,49,Final bill had extra handling and platform fees that were not shown at checkout. Please take action.,Hidden charges
C00748,2026-07-31,PayEasy,Fintech,Wallet / UPI app,Maharashtra,799,"Sir/Madam, Product description said original brand, what arrived is different from advertised. Kindly resolve.",Misleading advertisement
C00749,2025-10-14,FreshBasket,Quick commerce,Grocery delivery,Uttar Pradesh,4999,URGENT: Free trial converted to paid automatically. No easy way to unsubscribe. Need response asap.,Subscription trap
C00750,2026-10-02,StreamNova,OTT / Subscription,Video streaming plan,Uttar Pradesh,4999,"Sir/Madam, My subscription auto-renewed without any reminder and the cancel option is hidden.",Subscription trap
C00751,2026-09-16,FreshBasket,Quick commerce,Grocery delivery,Maharashtra,199,"Bahut bura experience: Surprise additional charges appeared on my invoice, the price shown earlier was lower. Kindly resolve.",Hidden charges
C00752,2025-12-26,FreshBasket,Quick commerce,Grocery delivery,Maharashtra,4999,"Very disappointed. Order cancelled, money deducted but refnd never received. Need response asap.",Delayed refund
C00753,2025-12-05,CabGo,Ride hailing,Cab booking,Telangana,4999,"URGENT: Refund promised in 7 days, still pending after a month. Support keeps giving new dates. Paisa wapas chahiye.",Delayed refund
C00754,2026-02-22,QuickKart,E-commerce,Online marketplace order,Rajasthan,2499,"Ad promised guaranteed delivery in 1 day, this was false.",Misleading advertisement
C00755,2026-09-08,QuickKart,E-commerce,Online marketplace order,Gujarat,499,"Bahut bura experience: Paise cut gaye lekin refnd abhi tak nahi aaya, 3 weeks ho gaye. Kindly resolve.",Delayed refund
C00756,2026-09-15,FreshBasket,Quick commerce,Grocery delivery,Gujarat,149,"Checkout pe alag se extra fee laga diya, pehle nahi bataya tha. Kindly resolve.",Hidden charges
C00757,2026-02-26,CabGo,Ride hailing,Cab booking,Kerala,799,"Received a defective item, seller refuses replacement. Paisa wapas chahiye.",Defective product
C00758,2026-08-28,FreshBasket,Quick commerce,Grocery delivery,Maharashtra,99,Final bill had extra handling and platform fees that were not shown at checkout.,Hidden charges
C00759,2026-09-20,FreshBasket,Quick commerce,Grocery delivery,Delhi,799,"App collected my contacts and location without permission, privacy violated.",Data misuse
C00760,2026-09-20,QuickKart,E-commerce,Online marketplace order,Karnataka,799,I returned the product 5 weeks ago but my refnd has not been credited yet.,Delayed refund
C00761,2026-09-03,QuickKart,E-commerce,Online marketplace order,Telangana,499,I returned the product 5 weeks ago but my refund has not been credited yet.,Delayed refund
C00762,2026-05-03,TravelNest,Travel,Flight / hotel booking,West Bengal,9999,"Refund promised in 7 days, still pending after a month. Support keeps giving new dates.",Delayed refund
C00763,2026-08-26,QuickKart,E-commerce,Online marketplace order,Gujarat,799,Pls help. The advertisement claimed 50% off but the actual price was higher. Misleading offer. Need response asap.,Misleading advertisement
C00764,2026-02-07,CabGo,Ride hailing,Cab booking,West Bengal,9999,Device is faulty and broken right out of the box.,Defective product
C00765,2026-05-22,StreamNova,OTT / Subscription,Video streaming plan,Telangana,199,"Advertisement mein jo dikhaya woh product alag nikla, misleading claim.",Misleading advertisement
C00766,2026-09-12,QuickKart,E-commerce,Online marketplace order,Rajasthan,9999,"Pls help. Order cancelled, money deducted but refund never received. Kindly resolve.",Delayed refund
C00767,2026-09-22,QuickKart,E-commerce,Online marketplace order,Gujarat,4999,Bahut bura experience: I returned the product 5 weeks ago but my refund has not been credited yet. Kindly resolve.,Delayed refund
C00768,2026-09-14,StreamNova,OTT / Subscription,Video streaming plan,Tamil Nadu,199,"Sir/Madam, Unable to cancel the plan, it keeps auto renewing every month. Please take action.",Subscription trap
C00769,2026-07-06,CabGo,Ride hailing,Cab booking,Kerala,9999,"Pls help. Surprise additional chrges appeared on my invoice, the price shown earlier was lower. Kindly resolve.",Hidden charges
C00770,2026-01-29,CabGo,Ride hailing,Cab booking,Rajasthan,2499,Bahut bura experience: Final bill had extra handling and platform fees that were not shown at checkout. Need response asap.,Hidden charges
C00771,2026-09-27,QuickKart,E-commerce,Online marketplace order,Rajasthan,799,"Very disappointed. Order cancelled, money deducted but refund never received. Please take action.",Delayed refund
C00772,2026-08-08,PayEasy,Fintech,Wallet / UPI app,Delhi,9999,"Bahut bura experience: Advertisement mein jo dikhaya woh product alag nikla, misleading claim. Please take action.",Misleading advertisement
C00773,2026-06-24,StreamNova,OTT / Subscription,Video streaming plan,Gujarat,799,My subcription auto-renewed without any reminder and the cancel option is hidden.,Subscription trap
C00774,2026-02-23,PayEasy,Fintech,Wallet / UPI app,Rajasthan,799,Bahut bura experience: Device is faulty and broken right out of the box.,Defective product
C00775,2026-01-01,QuickKart,E-commerce,Online marketplace order,Gujarat,799,"Bahut bura experience: Product kharab nikla, defective piece mila aur replacement nahi de rahe. Please take action.",Defective product
C00776,2026-06-11,PayEasy,Fintech,Wallet / UPI app,Tamil Nadu,499,"Sir/Madam, I was charged a hidden convenience fee added at the last step.",Hidden charges
C00777,2026-03-06,ShopEase,E-commerce,Electronics,Karnataka,4999,"URGENT: Received a defective item, seller refuses replacement. Paisa wapas chahiye.",Defective product
C00778,2026-05-20,QuickKart,E-commerce,Online marketplace order,Kerala,799,"Sir/Madam, Product description said original brand, what arrived is different from advertised.",Misleading advertisement
C00779,2026-10-09,StreamNova,OTT / Subscription,Video streaming plan,Uttar Pradesh,799,"Unable to cancel the plan, it keeps auto renewing every month. Please take action.",Subscription trap
C00780,2026-08-21,CabGo,Ride hailing,Cab booking,West Bengal,9999,"Very disappointed. Product description said original brand, what arrived is different from advertised. Paisa wapas chahiye.",Misleading advertisement
C00781,2026-02-16,ShopEase,E-commerce,Electronics,Telangana,799,"Sir/Madam, Advertisement mein jo dikhaya woh product alag nikla, misleading claim.",Misleading advertisement
C00782,2026-09-23,QuickKart,E-commerce,Online marketplace order,Uttar Pradesh,199,"Refund promised in 7 days, still pending after a month. Support keeps giving new dates. Kindly resolve.",Delayed refund
C00783,2026-08-10,QuickKart,E-commerce,Online marketplace order,Karnataka,2499,"Sir/Madam, Order cancelled, money deducted but refund never received. Need response asap.",Delayed refund
C00784,2026-07-29,StreamNova,OTT / Subscription,Video streaming plan,Maharashtra,199,My subcription auto-renewed without any reminder and the cancel option is hidden. Need response asap.,Subscription trap
C00785,2025-12-15,CabGo,Ride hailing,Cab booking,Rajasthan,1299,"Sir/Madam, Device is faulty and broken right out of the box. Paisa wapas chahiye.",Defective product
C00786,2026-07-03,PayEasy,Fintech,Wallet / UPI app,Maharashtra,199,"Very bad service, nobody is responding to me.",Other
C00787,2025-12-01,CabGo,Ride hailing,Cab booking,Tamil Nadu,499,"Bahut bura experience: Poor experience overall, want someone senior to call me.",Other
C00788,2026-03-19,TravelNest,Travel,Flight / hotel booking,Rajasthan,4999,"Bahut bura experience: Checkout pe alag se extra fee laga diya, pehle nahi bataya tha. Kindly resolve.",Hidden charges
C00789,2026-04-04,QuickKart,E-commerce,Online marketplace order,Tamil Nadu,9999,"Mera personal data bina consent ke share kiya gaya, spam calls aa rahe hain. Paisa wapas chahiye.",Data misuse
C00790,2026-06-21,ShopEase,E-commerce,Electronics,Kerala,1299,"Sir/Madam, Very bad service, nobody is responding to me. Need response asap.",Other
C00791,2025-11-19,PayEasy,Fintech,Wallet / UPI app,Maharashtra,9999,"Received a defective item, seller refuses replacement.",Defective product
C00792,2026-01-15,QuickKart,E-commerce,Online marketplace order,Karnataka,2499,"Surprise additional charges appeared on my invoice, the price shown earlier was lower. Please take action.",Hidden charges
C00793,2026-01-25,ShopEase,E-commerce,Electronics,Telangana,199,Bahut bura experience: I started getting spam calls right after sharing my phone number with this app.,Data misuse
C00794,2026-08-21,StreamNova,OTT / Subscription,Video streaming plan,Tamil Nadu,4999,"Subscription band nahi ho raha, har mahine renew ho jata hai. Please take action.",Subscription trap
C00795,2026-09-15,QuickKart,E-commerce,Online marketplace order,Gujarat,1299,URGENT: I returned the product 5 weeks ago but my refund has not been credited yet.,Delayed refund
C00796,2026-05-03,ShopEase,E-commerce,Electronics,Delhi,499,"App collected my contacts and location without permission, privacy violated. Paisa wapas chahiye.",Data misuse
C00797,2026-09-25,FreshBasket,Quick commerce,Grocery delivery,Gujarat,199,Pls help. I was charged a hidden convenience fee added at the last step.,Hidden charges
C00798,2026-09-19,FreshBasket,Quick commerce,Grocery delivery,Gujarat,99,Final bill had extra handling and platform fees that were not shown at checkout. Kindly resolve.,Hidden charges
C00799,2026-08-29,PayEasy,Fintech,Wallet / UPI app,Rajasthan,199,"Pls help. Unable to cancel the plan, it keeps auto renewing every month.",Subscription trap
C00800,2026-10-09,StreamNova,OTT / Subscription,Video streaming plan,Uttar Pradesh,499,My subscription auto-renewed without any reminder and the cancel option is hidden.,Subscription trap
C00801,2026-08-14,QuickKart,E-commerce,Online marketplace order,Karnataka,2499,"Paise cut gaye lekin refund abhi tak nahi aaya, 3 weeks ho gaye.",Delayed refund
C00802,2026-07-29,StreamNova,OTT / Subscription,Video streaming plan,West Bengal,2499,Final bill had extra handling and platform fees that were not shown at checkout.,Hidden charges
C00803,2026-04-05,QuickKart,E-commerce,Online marketplace order,Uttar Pradesh,199,"Pls help. Poor experience overall, want someone senior to call me. Kindly resolve.",Other
C00804,2026-07-19,StreamNova,OTT / Subscription,Video streaming plan,Gujarat,4999,"URGENT: Ad promised guaranteed delivery in 1 day, this was false.",Misleading advertisement
C00805,2026-03-25,FreshBasket,Quick commerce,Grocery delivery,Uttar Pradesh,4999,"Sir/Madam, Surprise additional charges appeared on my invoice, the price shown earlier was lower. Please take action.",Hidden charges
C00806,2026-05-18,TravelNest,Travel,Flight / hotel booking,Tamil Nadu,1299,"Sir/Madam, Recieved a defective item, seller refuses replacement. Please take action.",Defective product
C00807,2026-10-07,ShopEase,E-commerce,Electronics,Karnataka,199,"Sir/Madam, Poor experience overall, want someone senior to call me.",Other
C00808,2026-09-19,FreshBasket,Quick commerce,Grocery delivery,Gujarat,99,I was charged a hidden convenience fee added at the last step.,Hidden charges
C00809,2025-10-23,CabGo,Ride hailing,Cab booking,Uttar Pradesh,9999,"Very disappointed. Very bad service, nobody is responding to me. Kindly resolve.",Other
C00810,2025-10-22,QuickKart,E-commerce,Online marketplace order,Karnataka,1299,"Very disappointed. Very bad service, nobody is responding to me.",Other
C00811,2026-08-22,QuickKart,E-commerce,Online marketplace order,West Bengal,2499,"Order cancelled, money deducted but refund never received. Kindly resolve.",Delayed refund
C00812,2026-02-04,TravelNest,Travel,Flight / hotel booking,Rajasthan,4999,Bahut bura experience: My persnal data was shared with third parties without my consent.,Data misuse
C00813,2026-09-22,PayEasy,Fintech,Wallet / UPI app,Telangana,799,"Sir/Madam, My personal data was shared with third parties without my consent. Please take action.",Data misuse
C00814,2026-09-22,StreamNova,OTT / Subscription,Video streaming plan,Telangana,9999,"Sir/Madam, I started getting spam calls right after sharing my phone number with this app. Paisa wapas chahiye.",Data misuse
C00815,2025-10-10,CabGo,Ride hailing,Cab booking,West Bengal,9999,"Very disappointed. Very bad service, nobody is responding to me. Need response asap.",Other
C00816,2025-10-10,FitLife,Health & fitness,Gym membership app,Delhi,1299,Pls help. Free trial converted to paid automatically. No easy way to unsubscribe.,Subscription trap
C00817,2026-01-14,ShopEase,E-commerce,Electronics,Gujarat,9999,"Surprise additional chrges appeared on my invoice, the price shown earlier was lower.",Hidden charges
C00818,2026-05-18,PayEasy,Fintech,Wallet / UPI app,West Bengal,199,My subscription auto-renewed without any reminder and the cancel option is hidden. Paisa wapas chahiye.,Subscription trap
C00819,2026-08-25,FreshBasket,Quick commerce,Grocery delivery,Karnataka,9999,"Order cancleled, money deducted but refund never recieved. Paisa wapas chahiye.",Delayed refund
C00820,2026-03-11,FreshBasket,Quick commerce,Grocery delivery,Karnataka,799,Pls help. I started getting spam calls right after sharing my phone number with this app.,Data misuse
C00821,2026-08-13,PayEasy,Fintech,Wallet / UPI app,Gujarat,199,I returned the product 5 weeks ago but my refund has not been credited yet.,Delayed refund
C00822,2026-02-20,FreshBasket,Quick commerce,Grocery delivery,Tamil Nadu,4999,"Bahut bura experience: App collected my contacts and location without permission, privacy violated.",Data misuse
C00823,2025-12-28,ShopEase,E-commerce,Electronics,Kerala,9999,Pls help. Customer care is rude and unhelpful. Please look into it. Need response asap.,Other
C00824,2026-08-20,StreamNova,OTT / Subscription,Video streaming plan,Rajasthan,2499,"Sir/Madam, Free trial converted to paid automatically. No easy way to unsubscribe. Paisa wapas chahiye.",Subscription trap
C00825,2025-12-01,TravelNest,Travel,Flight / hotel booking,Maharashtra,1299,Device is faulty and broken right out of the box. Paisa wapas chahiye.,Defective product
C00826,2026-08-26,FreshBasket,Quick commerce,Grocery delivery,Maharashtra,49,Final bill had extra handling and platform fees that were not shown at checkout.,Hidden charges
C00827,2026-01-24,PayEasy,Fintech,Wallet / UPI app,Gujarat,499,"Bahut bura experience: Paise cut gaye lekin refund abhi tak nahi aaya, 3 weeks ho gaye. Paisa wapas chahiye.",Delayed refund
C00828,2026-08-27,FreshBasket,Quick commerce,Grocery delivery,Gujarat,99,"Pls help. Checkout pe alag se extra fee laga diya, pehle nahi bataya tha.",Hidden charges
C00829,2026-10-05,QuickKart,E-commerce,Online marketplace order,Kerala,4999,"Very disappointed. Refund promised in 7 days, still pending after a month. Support keeps giving new dates. Need response asap.",Delayed refund
C00830,2025-10-10,CabGo,Ride hailing,Cab booking,West Bengal,199,"Product description said original brand, what arrived is different from advertised.",Misleading advertisement
C00831,2026-08-13,QuickKart,E-commerce,Online marketplace order,Telangana,199,"Sir/Madam, I returned the product 5 weeks ago but my refund has not been credited yet. Please take action.",Delayed refund
C00832,2026-02-23,ShopEase,E-commerce,Electronics,Uttar Pradesh,1299,"Paise cut gaye lekin refund abhi tak nahi aaya, 3 weeks ho gaye.",Delayed refund
C00833,2026-01-29,CabGo,Ride hailing,Cab booking,Tamil Nadu,4999,"Product kharab nikla, defective piece mila aur replacement nahi de rahe.",Defective product
C00834,2026-01-13,StreamNova,OTT / Subscription,Video streaming plan,Maharashtra,199,"Product description said original brand, what arrived is different from advertised.",Misleading advertisement
C00835,2026-03-27,ShopEase,E-commerce,Electronics,Karnataka,499,"URGENT: Surprise additional charges appeared on my invoice, the price shown earlier was lower.",Hidden charges
C00836,2026-03-18,PayEasy,Fintech,Wallet / UPI app,Telangana,199,Customer care is rude and unhelpful. Please look into it. Need response asap.,Other
C00837,2025-10-19,PayEasy,Fintech,Wallet / UPI app,West Bengal,199,"Checkout pe alag se extra fee laga diya, pehle nahi bataya tha. Paisa wapas chahiye.",Hidden charges
C00838,2026-09-07,QuickKart,E-commerce,Online marketplace order,Kerala,199,Bahut bura experience: I returned the product 5 weeks ago but my refund has not been credited yet. Paisa wapas chahiye.,Delayed refund
C00839,2026-09-26,FreshBasket,Quick commerce,Grocery delivery,Maharashtra,99,Final bill had extra handling and platform fees that were not shown at checkout. Kindly resolve.,Hidden charges
C00840,2026-08-06,StreamNova,OTT / Subscription,Video streaming plan,West Bengal,9999,Bahut bura experience: My subscription auto-renewed without any reminder and the cancel option is hidden.,Subscription trap
C00841,2026-09-25,QuickKart,E-commerce,Online marketplace order,Uttar Pradesh,1299,URGENT: I returned the product 5 weeks ago but my refund has not been credited yet. Paisa wapas chahiye.,Delayed refund
C00842,2026-04-05,CabGo,Ride hailing,Cab booking,Maharashtra,799,Pls help. I started getting spam calls right after sharing my phone number with this app.,Data misuse
C00843,2026-08-26,FitLife,Health & fitness,Gym membership app,Rajasthan,4999,"URGENT: Ad promised guaranteed delivery in 1 day, this was false. Paisa wapas chahiye.",Misleading advertisement
C00844,2026-09-03,QuickKart,E-commerce,Online marketplace order,West Bengal,1299,I returned the product 5 weeks ago but my refund has not been credited yet.,Delayed refund
C00845,2026-05-07,StreamNova,OTT / Subscription,Video streaming plan,Karnataka,2499,"Pls help. Refund promised in 7 days, still pending after a month. Support keeps giving new dates. Please take action.",Delayed refund
C00846,2026-08-26,QuickKart,E-commerce,Online marketplace order,Delhi,9999,"Bahut bura experience: Advertisment mein jo dikhaya woh product alag nikla, misleading claim.",Misleading advertisement
C00847,2025-12-02,StreamNova,OTT / Subscription,Video streaming plan,Kerala,199,Pls help. The advertisement claimed 50% off but the actual price was higher. Misleading offer. Kindly resolve.,Misleading advertisement
C00848,2026-01-21,StreamNova,OTT / Subscription,Video streaming plan,Maharashtra,9999,"Product kharab nikla, defective piece mila aur replacement nahi de rahe. Paisa wapas chahiye.",Defective product
C00849,2026-09-09,FreshBasket,Quick commerce,Grocery delivery,Gujarat,149,Bahut bura experience: I was charged a hidden convenience fee added at the last step.,Hidden charges
C00850,2026-09-15,QuickKart,E-commerce,Online marketplace order,Rajasthan,799,"URGENT: Paise cut gaye lekin refund abhi tak nahi aaya, 3 weeks ho gaye. Please take action.",Delayed refund
C00851,2026-10-08,QuickKart,E-commerce,Online marketplace order,Telangana,799,"Paise cut gaye lekin refnd abhi tak nahi aaya, 3 weeks ho gaye.",Delayed refund
C00852,2026-08-11,QuickKart,E-commerce,Online marketplace order,Delhi,1299,"Pls help. Order cancelled, money deducted but refund never received.",Delayed refund
C00853,2026-07-25,QuickKart,E-commerce,Online marketplace order,Gujarat,2499,"URGENT: Checkout pe alag se extra fee laga diya, pehle nahi bataya tha. Kindly resolve.",Hidden charges
C00854,2025-11-27,CabGo,Ride hailing,Cab booking,Karnataka,199,"Mera personal data bina consent ke share kiya gaya, spam calls aa rahe hain. Kindly resolve.",Data misuse
C00855,2026-03-15,StreamNova,OTT / Subscription,Video streaming plan,Delhi,4999,Bahut bura experience: Final bill had extra handling and platform fees that were not shown at checkout. Kindly resolve.,Hidden charges
C00856,2026-09-28,CabGo,Ride hailing,Cab booking,Kerala,4999,I started getting spam calls right after sharing my phone number with this app.,Data misuse
C00857,2025-10-25,CabGo,Ride hailing,Cab booking,Karnataka,199,"Received a defective item, seller refuses replacement. Kindly resolve.",Defective product
C00858,2026-09-26,FreshBasket,Quick commerce,Grocery delivery,Gujarat,149,"Surprise additional charges appeared on my invoice, the price shown earlier was lower.",Hidden charges
C00859,2026-09-10,QuickKart,E-commerce,Online marketplace order,Gujarat,1299,"URGENT: Paise cut gaye lekin refund abhi tak nahi aaya, 3 weeks ho gaye.",Delayed refund
C00860,2026-02-21,ShopEase,E-commerce,Electronics,Maharashtra,199,Pls help. Free trial converted to paid automatically. No easy way to unsubscribe. Kindly resolve.,Subscription trap
C00861,2026-09-08,PayEasy,Fintech,Wallet / UPI app,Karnataka,799,"App collected my contacts and location without permission, privacy violated. Paisa wapas chahiye.",Data misuse
C00862,2026-09-30,PayEasy,Fintech,Wallet / UPI app,Delhi,2499,"Bahut bura experience: Mera persnal data bina consent ke share kiya gaya, spam calls aa rahe hain. Paisa wapas chahiye.",Data misuse
C00863,2026-08-19,QuickKart,E-commerce,Online marketplace order,Gujarat,199,URGENT: Product arrived damaged and stopped working in two days.,Defective product
C00864,2026-07-17,QuickKart,E-commerce,Online marketplace order,Maharashtra,799,"Bahut bura experience: Mera personal data bina consent ke share kiya gaya, spam calls aa rahe hain.",Data misuse
C00865,2026-09-18,TravelNest,Travel,Flight / hotel booking,Rajasthan,4999,"Bahut bura experience: Very bad service, nobody is responding to me. Kindly resolve.",Other
C00866,2026-09-08,FitLife,Health & fitness,Gym membership app,Gujarat,9999,Bahut bura experience: Product arrived damaged and stopped working in two days. Please take action.,Defective product
C00867,2025-12-04,FreshBasket,Quick commerce,Grocery delivery,Karnataka,499,Pls help. I returned the product 5 weeks ago but my refund has not been credited yet. Paisa wapas chahiye.,Delayed refund
C00868,2026-03-24,PayEasy,Fintech,Wallet / UPI app,West Bengal,499,Customer care is rude and unhelpful. Please look into it.,Other
C00869,2026-04-28,FitLife,Health & fitness,Gym membership app,Maharashtra,9999,Customer care is rude and unhelpful. Please look into it. Need response asap.,Other
C00870,2026-08-19,QuickKart,E-commerce,Online marketplace order,Telangana,199,I returned the product 5 weeks ago but my refund has not been credited yet.,Delayed refund
C00871,2026-09-02,FreshBasket,Quick commerce,Grocery delivery,Gujarat,199,Final bill had extra handling and platform fees that were not shown at checkout.,Hidden charges
C00872,2026-09-15,QuickKart,E-commerce,Online marketplace order,Karnataka,799,I returned the product 5 weeks ago but my refund has not been credited yet. Paisa wapas chahiye.,Delayed refund
C00873,2026-08-23,QuickKart,E-commerce,Online marketplace order,Delhi,499,"Very disappointed. Paise cut gaye lekin refund abhi tak nahi aaya, 3 weeks ho gaye.",Delayed refund
C00874,2026-10-04,QuickKart,E-commerce,Online marketplace order,Gujarat,199,"Order cancelled, money deducted but refund never received.",Delayed refund
C00875,2025-10-26,TravelNest,Travel,Flight / hotel booking,Kerala,499,URGENT: Customer care is rude and unhelpful. Please look into it. Paisa wapas chahiye.,Other
C00876,2026-07-05,StreamNova,OTT / Subscription,Video streaming plan,Maharashtra,4999,"Ad promised guaranteed delivery in 1 day, this was false. Kindly resolve.",Misleading advertisement
C00877,2026-02-12,PayEasy,Fintech,Wallet / UPI app,Tamil Nadu,2499,"Pls help. Mera personal data bina consent ke share kiya gaya, spam calls aa rahe hain.",Data misuse
C00878,2026-07-23,StreamNova,OTT / Subscription,Video streaming plan,Maharashtra,9999,"Very disappointed. Unable to cancel the plan, it keeps auto renewing every month. Kindly resolve.",Subscription trap
C00879,2026-09-23,QuickKart,E-commerce,Online marketplace order,Kerala,499,"Paise cut gaye lekin refund abhi tak nahi aaya, 3 weeks ho gaye.",Delayed refund
C00880,2025-11-17,CabGo,Ride hailing,Cab booking,Karnataka,2499,Very disappointed. My personal data was shared with third parties without my consent. Please take action.,Data misuse
C00881,2026-09-28,QuickKart,E-commerce,Online marketplace order,Kerala,1299,"Paise cut gaye lekin refund abhi tak nahi aaya, 3 weeks ho gaye. Kindly resolve.",Delayed refund
C00882,2026-05-31,ShopEase,E-commerce,Electronics,Telangana,199,"Ad promised guaranteed delivery in 1 day, this was false. Please take action.",Misleading advertisement
C00883,2026-10-09,StreamNova,OTT / Subscription,Video streaming plan,Delhi,9999,"Bahut bura experience: Unable to cancle the plan, it keeps auto renewing every month. Paisa wapas chahiye.",Subscription trap
C00884,2026-02-06,PayEasy,Fintech,Wallet / UPI app,West Bengal,1299,Pls help. Customer care is rude and unhelpful. Please look into it. Kindly resolve.,Other
C00885,2025-11-04,ShopEase,E-commerce,Electronics,West Bengal,2499,Customer care is rude and unhelpful. Please look into it.,Other
C00886,2026-09-28,QuickKart,E-commerce,Online marketplace order,Uttar Pradesh,9999,"Paise cut gaye lekin refund abhi tak nahi aaya, 3 weeks ho gaye. Kindly resolve.",Delayed refund
C00887,2026-07-14,QuickKart,E-commerce,Online marketplace order,Karnataka,9999,"Very disappointed. App collected my contacts and location without permission, privacy violated. Kindly resolve.",Data misuse
C00888,2026-09-11,QuickKart,E-commerce,Online marketplace order,Maharashtra,199,"Paise cut gaye lekin refund abhi tak nahi aaya, 3 weeks ho gaye. Please take action.",Delayed refund
C00889,2026-09-22,QuickKart,E-commerce,Online marketplace order,Rajasthan,9999,"Sir/Madam, Paise cut gaye lekin refund abhi tak nahi aaya, 3 weeks ho gaye.",Delayed refund
C00890,2026-09-28,ShopEase,E-commerce,Electronics,Karnataka,499,URGENT: The advertisement claimed 50% off but the actual price was higher. Misleading offer. Kindly resolve.,Misleading advertisement
C00891,2026-06-02,FitLife,Health & fitness,Gym membership app,West Bengal,199,"Sir/Madam, Received a defective item, seller refuses replacement. Please take action.",Defective product
C00892,2026-09-06,StreamNova,OTT / Subscription,Video streaming plan,Kerala,4999,Bahut bura experience: I returned the product 5 weeks ago but my refnd has not been credited yet.,Delayed refund
C00893,2026-09-23,TravelNest,Travel,Flight / hotel booking,Maharashtra,199,"URGENT: Very bad service, nobody is responding to me. Paisa wapas chahiye.",Other
C00894,2025-11-04,QuickKart,E-commerce,Online marketplace order,Uttar Pradesh,1299,"Refund promised in 7 days, still pending after a month. Support keeps giving new dates. Paisa wapas chahiye.",Delayed refund
C00895,2026-08-25,FitLife,Health & fitness,Gym membership app,Rajasthan,499,"Pls help. Refnd promised in 7 days, still pending after a month. Support keeps giving new dates. Paisa wapas chahiye.",Delayed refund
C00896,2026-09-26,QuickKart,E-commerce,Online marketplace order,Karnataka,799,"URGENT: Paise cut gaye lekin refund abhi tak nahi aaya, 3 weeks ho gaye.",Delayed refund
C00897,2026-07-31,ShopEase,E-commerce,Electronics,Maharashtra,4999,"Very disappointed. Product description said original brand, what arrived is different from advertised. Kindly resolve.",Misleading advertisement
C00898,2026-01-22,PayEasy,Fintech,Wallet / UPI app,Telangana,2499,"Very disappointed. Checkout pe alag se extra fee laga diya, pehle nahi bataya tha. Please take action.",Hidden charges
C00899,2026-09-19,FitLife,Health & fitness,Gym membership app,West Bengal,1299,"Pls help. Refund promised in 7 days, still pending after a month. Support keeps giving new dates.",Delayed refund
C00900,2026-09-21,QuickKart,E-commerce,Online marketplace order,Uttar Pradesh,1299,"Order cancelled, money deducted but refund never received. Kindly resolve.",Delayed refund
C00901,2026-04-27,TravelNest,Travel,Flight / hotel booking,Rajasthan,199,"Sir/Madam, Subscription band nahi ho raha, har mahine renew ho jata hai.",Subscription trap
C00902,2026-01-01,FitLife,Health & fitness,Gym membership app,Kerala,199,URGENT: Customer care is rude and unhelpful. Please look into it. Kindly resolve.,Other
C00903,2026-09-22,QuickKart,E-commerce,Online marketplace order,Karnataka,199,"Sir/Madam, Refund promised in 7 days, still pending after a month. Support keeps giving new dates.",Delayed refund
C00904,2026-08-20,QuickKart,E-commerce,Online marketplace order,Uttar Pradesh,9999,"Order cancleled, money deducted but refund never received.",Delayed refund
C00905,2026-04-26,ShopEase,E-commerce,Electronics,Kerala,2499,"Very disappointed. Product description said original brand, what arrived is different from advertised. Please take action.",Misleading advertisement
C00906,2026-08-30,StreamNova,OTT / Subscription,Video streaming plan,Kerala,499,URGENT: My subscription auto-renewed without any reminder and the cancle option is hidden.,Subscription trap
C00907,2026-01-10,FitLife,Health & fitness,Gym membership app,Tamil Nadu,4999,Product arrived damaged and stopped working in two days.,Defective product
C00908,2025-10-20,ShopEase,E-commerce,Electronics,Rajasthan,1299,"Pls help. Advertisement mein jo dikhaya woh product alag nikla, misleading claim. Kindly resolve.",Misleading advertisement
C00909,2026-09-10,FreshBasket,Quick commerce,Grocery delivery,Maharashtra,199,I was charged a hidden convenience fee added at the last step. Kindly resolve.,Hidden charges
C00910,2026-05-19,QuickKart,E-commerce,Online marketplace order,West Bengal,799,"Pls help. Refund promised in 7 days, still pending after a month. Support keeps giving new dates. Please take action.",Delayed refund
C00911,2026-01-20,CabGo,Ride hailing,Cab booking,Karnataka,4999,"Bahut bura experience: Poor experience overall, want someone senior to call me.",Other
C00912,2026-10-08,StreamNova,OTT / Subscription,Video streaming plan,Tamil Nadu,499,"Pls help. Subscription band nahi ho raha, har mahine renew ho jata hai.",Subscription trap
C00913,2026-04-05,StreamNova,OTT / Subscription,Video streaming plan,Uttar Pradesh,4999,"App collected my contacts and location without permission, privacy violated. Please take action.",Data misuse
C00914,2026-08-28,FreshBasket,Quick commerce,Grocery delivery,Maharashtra,49,Bahut bura experience: I was charged a hidden convenience fee added at the last step.,Hidden charges
C00915,2026-03-16,FreshBasket,Quick commerce,Grocery delivery,Rajasthan,199,"URGENT: Advertisement mein jo dikhaya woh product alag nikla, misleading claim.",Misleading advertisement
C00916,2026-08-22,QuickKart,E-commerce,Online marketplace order,Maharashtra,1299,"Paise cut gaye lekin refund abhi tak nahi aaya, 3 weeks ho gaye.",Delayed refund
C00917,2026-07-25,ShopEase,E-commerce,Electronics,Uttar Pradesh,9999,"Very bad service, nobody is responding to me. Need response asap.",Other
C00918,2026-07-27,StreamNova,OTT / Subscription,Video streaming plan,Telangana,1299,My subscription auto-renewed without any reminder and the cancel option is hidden. Paisa wapas chahiye.,Subscription trap
C00919,2026-09-24,FreshBasket,Quick commerce,Grocery delivery,Maharashtra,199,Pls help. Final bill had extra handling and platform fees that were not shown at checkout. Need response asap.,Hidden charges
C00920,2026-02-23,TravelNest,Travel,Flight / hotel booking,Uttar Pradesh,2499,"Ad promised guaranteed delivery in 1 day, this was false. Kindly resolve.",Misleading advertisement
C00921,2026-08-31,StreamNova,OTT / Subscription,Video streaming plan,Delhi,2499,"Pls help. Unable to cancle the plan, it keeps auto renewing every month. Kindly resolve.",Subscription trap
C00922,2026-10-02,StreamNova,OTT / Subscription,Video streaming plan,West Bengal,1299,"Subcription band nahi ho raha, har mahine renew ho jata hai. Paisa wapas chahiye.",Subscription trap
C00923,2026-06-27,CabGo,Ride hailing,Cab booking,Maharashtra,9999,"Paise cut gaye lekin refund abhi tak nahi aaya, 3 weeks ho gaye. Please take action.",Delayed refund
C00924,2026-08-19,StreamNova,OTT / Subscription,Video streaming plan,Delhi,1299,"Pls help. Subscription band nahi ho raha, har mahine renew ho jata hai. Please take action.",Subscription trap
C00925,2026-08-03,StreamNova,OTT / Subscription,Video streaming plan,Tamil Nadu,4999,"Unable to cancel the plan, it keeps auto renewing every month. Need response asap.",Subscription trap
C00926,2025-10-12,ShopEase,E-commerce,Electronics,Rajasthan,499,"Pls help. Checkout pe alag se extra fee laga diya, pehle nahi bataya tha.",Hidden charges
C00927,2025-12-01,CabGo,Ride hailing,Cab booking,Uttar Pradesh,499,My personal data was shared with third parties without my consent. Paisa wapas chahiye.,Data misuse
C00928,2026-10-07,StreamNova,OTT / Subscription,Video streaming plan,Gujarat,799,"Unable to cancle the plan, it keeps auto renewing every month. Please take action.",Subscription trap
C00929,2026-07-13,QuickKart,E-commerce,Online marketplace order,Tamil Nadu,9999,"Unable to cancel the plan, it keeps auto renewing every month. Paisa wapas chahiye.",Subscription trap
C00930,2026-04-03,StreamNova,OTT / Subscription,Video streaming plan,Gujarat,2499,"Unable to cancle the plan, it keeps auto renewing every month.",Subscription trap
C00931,2026-08-11,FreshBasket,Quick commerce,Grocery delivery,Tamil Nadu,499,"Sir/Madam, Ad promised guaranteed delivery in 1 day, this was false. Need response asap.",Misleading advertisement
C00932,2026-03-02,ShopEase,E-commerce,Electronics,Rajasthan,799,Bahut bura experience: The advertisement claimed 50% off but the actual price was higher. Misleading offer. Please take action.,Misleading advertisement
C00933,2026-06-02,FitLife,Health & fitness,Gym membership app,Uttar Pradesh,199,"Very disappointed. Surprise additional charges appeared on my invoice, the price shown earlier was lower.",Hidden charges
C00934,2026-10-07,QuickKart,E-commerce,Online marketplace order,Rajasthan,199,"Pls help. Refund promised in 7 days, still pending after a month. Support keeps giving new dates. Please take action.",Delayed refund
C00935,2026-08-10,QuickKart,E-commerce,Online marketplace order,Rajasthan,4999,"Refund promised in 7 days, still pending after a month. Support keeps giving new dates.",Delayed refund
C00936,2026-07-01,PayEasy,Fintech,Wallet / UPI app,West Bengal,199,Bahut bura experience: Device is faulty and broken right out of the box. Please take action.,Defective product
C00937,2026-02-18,ShopEase,E-commerce,Electronics,Tamil Nadu,2499,Bahut bura experience: Free trial converted to paid automatically. No easy way to unsubscribe. Need response asap.,Subscription trap
C00938,2025-11-04,ShopEase,E-commerce,Electronics,Kerala,499,"Refund promised in 7 days, still pending after a month. Support keeps giving new dates. Paisa wapas chahiye.",Delayed refund
C00939,2026-04-01,QuickKart,E-commerce,Online marketplace order,Karnataka,499,Product arrived damaged and stopped working in two days. Kindly resolve.,Defective product
C00940,2025-11-18,ShopEase,E-commerce,Electronics,Tamil Nadu,799,"Bahut bura experience: Product description said original brand, what arrived is different from advertised. Kindly resolve.",Misleading advertisement
C00941,2026-09-29,FreshBasket,Quick commerce,Grocery delivery,Maharashtra,49,"URGENT: Surprise additional charges appeared on my invoice, the price shown earlier was lower.",Hidden charges
C00942,2026-09-09,FreshBasket,Quick commerce,Grocery delivery,Gujarat,199,Final bill had extra handling and platform fees that were not shown at checkout. Please take action.,Hidden charges
C00943,2026-07-03,StreamNova,OTT / Subscription,Video streaming plan,Karnataka,2499,"Sir/Madam, Unable to cancel the plan, it keeps auto renewing every month. Need response asap.",Subscription trap
C00944,2026-09-16,PayEasy,Fintech,Wallet / UPI app,Kerala,9999,"App collected my contacts and location without permission, privacy violated.",Data misuse
C00945,2025-12-22,ShopEase,E-commerce,Electronics,Maharashtra,1299,"Mera persnal data bina consent ke share kiya gaya, spam calls aa rahe hain. Please take action.",Data misuse
C00946,2026-10-03,StreamNova,OTT / Subscription,Video streaming plan,Karnataka,1299,"URGENT: Unable to cancle the plan, it keeps auto renewing every month. Please take action.",Subscription trap
C00947,2026-09-23,QuickKart,E-commerce,Online marketplace order,Uttar Pradesh,4999,"Bahut bura experience: Checkout pe alag se extra fee laga diya, pehle nahi bataya tha.",Hidden charges
C00948,2025-11-28,StreamNova,OTT / Subscription,Video streaming plan,Tamil Nadu,799,"Pls help. Very bad service, nobody is responding to me. Need response asap.",Other
C00949,2026-05-25,CabGo,Ride hailing,Cab booking,Tamil Nadu,799,"Sir/Madam, Device is faulty and broken right out of the box. Please take action.",Defective product
C00950,2026-10-08,QuickKart,E-commerce,Online marketplace order,Delhi,9999,Bahut bura experience: I returned the product 5 weeks ago but my refund has not been credited yet. Need response asap.,Delayed refund
C00951,2026-09-17,FreshBasket,Quick commerce,Grocery delivery,Maharashtra,199,Bahut bura experience: I was charged a hidden convenience fee added at the last step.,Hidden charges
C00952,2026-09-19,QuickKart,E-commerce,Online marketplace order,Gujarat,2499,"Bahut bura experience: Order cancelled, money deducted but refund never recieved.",Delayed refund
C00953,2026-01-11,TravelNest,Travel,Flight / hotel booking,Kerala,4999,"Sir/Madam, App collected my contacts and location without permission, privacy violated. Please take action.",Data misuse
C00954,2026-02-04,TravelNest,Travel,Flight / hotel booking,Rajasthan,799,"Sir/Madam, Order cancelled, money deducted but refund never received.",Delayed refund
C00955,2025-12-21,CabGo,Ride hailing,Cab booking,Uttar Pradesh,799,"Product kharab nikla, defective piece mila aur replacement nahi de rahe.",Defective product
C00956,2026-09-10,FreshBasket,Quick commerce,Grocery delivery,Uttar Pradesh,799,Final bill had extra handling and platform fees that were not shown at checkout.,Hidden charges
C00957,2026-08-28,QuickKart,E-commerce,Online marketplace order,West Bengal,4999,"Paise cut gaye lekin refund abhi tak nahi aaya, 3 weeks ho gaye.",Delayed refund
C00958,2025-10-10,FitLife,Health & fitness,Gym membership app,Karnataka,799,"Mera personal data bina consent ke share kiya gaya, spam calls aa rahe hain. Kindly resolve.",Data misuse
C00959,2026-01-20,ShopEase,E-commerce,Electronics,Delhi,2499,"URGENT: App collected my contacts and location without permission, privacy violated.",Data misuse
C00960,2026-10-01,FreshBasket,Quick commerce,Grocery delivery,Gujarat,99,"Sir/Madam, I was charged a hidden convenience fee added at the last step. Please take action.",Hidden charges
C00961,2026-02-18,QuickKart,E-commerce,Online marketplace order,Delhi,4999,"Order cancelled, money deducted but refnd never received.",Delayed refund
C00962,2025-12-26,ShopEase,E-commerce,Electronics,Telangana,4999,"Product description said original brand, what arrived is different from advertised. Paisa wapas chahiye.",Misleading advertisement
C00963,2025-11-07,TravelNest,Travel,Flight / hotel booking,Gujarat,4999,Device is faulty and broken right out of the box. Kindly resolve.,Defective product
C00964,2026-09-27,QuickKart,E-commerce,Online marketplace order,Rajasthan,2499,"Bahut bura experience: Paise cut gaye lekin refund abhi tak nahi aaya, 3 weeks ho gaye. Kindly resolve.",Delayed refund
C00965,2026-08-09,PayEasy,Fintech,Wallet / UPI app,Delhi,799,"Very disappointed. Product kharab nikla, defective piece mila aur replacement nahi de rahe.",Defective product
C00966,2026-01-26,QuickKart,E-commerce,Online marketplace order,Telangana,2499,Customer care is rude and unhelpful. Please look into it. Need response asap.,Other
C00967,2026-04-16,ShopEase,E-commerce,Electronics,Rajasthan,499,"Sir/Madam, Order cancelled, money deducted but refnd never received.",Delayed refund
C00968,2026-05-04,StreamNova,OTT / Subscription,Video streaming plan,Telangana,4999,Very disappointed. Customer care is rude and unhelpful. Please look into it.,Other
C00969,2026-05-18,FitLife,Health & fitness,Gym membership app,Rajasthan,199,Bahut bura experience: Final bill had extra handling and platform fees that were not shown at checkout. Paisa wapas chahiye.,Hidden charges
C00970,2025-12-17,QuickKart,E-commerce,Online marketplace order,West Bengal,799,"Bahut bura experience: Unable to cancle the plan, it keeps auto renewing every month. Kindly resolve.",Subscription trap
C00971,2026-08-21,QuickKart,E-commerce,Online marketplace order,Gujarat,199,"Very disappointed. Paise cut gaye lekin refund abhi tak nahi aaya, 3 weeks ho gaye. Need response asap.",Delayed refund
C00972,2026-09-12,ShopEase,E-commerce,Electronics,Telangana,2499,"Bahut bura experience: App collected my contacts and location without permission, privacy violated. Please take action.",Data misuse
C00973,2026-08-10,QuickKart,E-commerce,Online marketplace order,Uttar Pradesh,4999,"URGENT: Paise cut gaye lekin refnd abhi tak nahi aaya, 3 weeks ho gaye.",Delayed refund
C00974,2026-09-19,ShopEase,E-commerce,Electronics,Uttar Pradesh,4999,"URGENT: Poor experience overall, want someone senior to call me. Kindly resolve.",Other
C00975,2026-07-19,ShopEase,E-commerce,Electronics,Uttar Pradesh,199,"Sir/Madam, Free trial converted to paid automatically. No easy way to unsubscribe. Please take action.",Subscription trap
C00976,2025-12-27,TravelNest,Travel,Flight / hotel booking,Rajasthan,499,Bahut bura experience: I was charged a hidden convenience fee added at the last step. Paisa wapas chahiye.,Hidden charges
C00977,2026-10-04,PayEasy,Fintech,Wallet / UPI app,Tamil Nadu,4999,Pls help. My subscription auto-renewed without any reminder and the cancel option is hidden. Need response asap.,Subscription trap
C00978,2026-07-04,ShopEase,E-commerce,Electronics,Karnataka,9999,"Sir/Madam, Ad promised guaranteed delivery in 1 day, this was false. Need response asap.",Misleading advertisement
C00979,2026-10-07,FitLife,Health & fitness,Gym membership app,Delhi,2499,Very disappointed. My persnal data was shared with third parties without my consent.,Data misuse
C00980,2026-07-13,CabGo,Ride hailing,Cab booking,West Bengal,499,"Surprise additional charges appeared on my invoice, the price shown earlier was lower.",Hidden charges
C00981,2026-01-12,ShopEase,E-commerce,Electronics,West Bengal,1299,"Product description said original brand, what arrived is different from advertised.",Misleading advertisement
C00982,2025-10-15,CabGo,Ride hailing,Cab booking,West Bengal,1299,I was charged a hidden convenience fee added at the last step.,Hidden charges
C00983,2026-09-21,PayEasy,Fintech,Wallet / UPI app,Telangana,799,URGENT: My personal data was shared with third parties without my consent. Kindly resolve.,Data misuse
C00984,2026-05-09,CabGo,Ride hailing,Cab booking,West Bengal,2499,Bahut bura experience: I returned the product 5 weeks ago but my refund has not been credited yet. Please take action.,Delayed refund
C00985,2026-10-09,StreamNova,OTT / Subscription,Video streaming plan,Delhi,199,Free trial converted to paid automatically. No easy way to unsubscribe.,Subscription trap
C00986,2026-03-26,CabGo,Ride hailing,Cab booking,Maharashtra,199,"Pls help. Poor experience overall, want someone senior to call me. Paisa wapas chahiye.",Other
C00987,2026-05-09,PayEasy,Fintech,Wallet / UPI app,Karnataka,4999,"Sir/Madam, My personal data was shared with third parties without my consent.",Data misuse
C00988,2026-02-28,FitLife,Health & fitness,Gym membership app,Karnataka,499,Final bill had extra handling and platform fees that were not shown at checkout.,Hidden charges
C00989,2025-12-07,FreshBasket,Quick commerce,Grocery delivery,Tamil Nadu,199,I returned the product 5 weeks ago but my refund has not been credited yet. Paisa wapas chahiye.,Delayed refund
C00990,2026-09-04,PayEasy,Fintech,Wallet / UPI app,Rajasthan,9999,I started getting spam calls right after sharing my phone number with this app. Need response asap.,Data misuse
C00991,2026-09-23,QuickKart,E-commerce,Online marketplace order,Uttar Pradesh,799,"Paise cut gaye lekin refund abhi tak nahi aaya, 3 weeks ho gaye. Please take action.",Delayed refund
C00992,2026-03-05,TravelNest,Travel,Flight / hotel booking,Uttar Pradesh,4999,My subcription auto-renewed without any reminder and the cancel option is hidden.,Subscription trap
C00993,2025-10-26,QuickKart,E-commerce,Online marketplace order,Telangana,1299,"Advertisement mein jo dikhaya woh product alag nikla, misleading claim. Please take action.",Misleading advertisement
C00994,2025-11-13,PayEasy,Fintech,Wallet / UPI app,Kerala,1299,"Product kharab nikla, defective piece mila aur replacement nahi de rahe.",Defective product
C00995,2026-09-15,FreshBasket,Quick commerce,Grocery delivery,Gujarat,49,"Checkout pe alag se extra fee laga diya, pehle nahi bataya tha.",Hidden charges
C00996,2026-01-26,TravelNest,Travel,Flight / hotel booking,Gujarat,199,Product arrived damaged and stopped working in two days. Please take action.,Defective product
C00997,2026-09-13,ShopEase,E-commerce,Electronics,Kerala,9999,"Product description said original brand, what arrived is different from advertised. Need response asap.",Misleading advertisement
C00998,2026-09-06,StreamNova,OTT / Subscription,Video streaming plan,Kerala,9999,"Bahut bura experience: Subcription band nahi ho raha, har mahine renew ho jata hai. Kindly resolve.",Subscription trap
C00999,2025-10-20,TravelNest,Travel,Flight / hotel booking,West Bengal,1299,I was charged a hidden convenience fee added at the last step.,Hidden charges
C01000,2026-09-02,FreshBasket,Quick commerce,Grocery delivery,Gujarat,149,"URGENT: Surprise additional charges appeared on my invoice, the price shown earlier was lower. Kindly resolve.",Hidden charges
C01001,2026-09-07,FreshBasket,Quick commerce,Grocery delivery,Gujarat,99,"Checkout pe alag se extra fee laga diya, pehle nahi bataya tha.",Hidden charges
C01002,2026-08-03,FitLife,Health & fitness,Gym membership app,Uttar Pradesh,2499,Free trial converted to paid automatically. No easy way to unsubscribe. Paisa wapas chahiye.,Subscription trap
C01003,2026-08-19,ShopEase,E-commerce,Electronics,Delhi,499,"URGENT: Paise cut gaye lekin refund abhi tak nahi aaya, 3 weeks ho gaye. Paisa wapas chahiye.",Delayed refund
C01004,2025-11-04,QuickKart,E-commerce,Online marketplace order,Rajasthan,4999,"Pls help. Checkout pe alag se extra fee laga diya, pehle nahi bataya tha. Please take action.",Hidden charges
C01005,2026-08-15,QuickKart,E-commerce,Online marketplace order,Rajasthan,499,"Very disappointed. Paise cut gaye lekin refund abhi tak nahi aaya, 3 weeks ho gaye.",Delayed refund
C01006,2026-01-09,TravelNest,Travel,Flight / hotel booking,Karnataka,1299,Product arrived damaged and stopped working in two days.,Defective product
C01007,2025-12-16,ShopEase,E-commerce,Electronics,West Bengal,499,The advertisement claimed 50% off but the actual price was higher. Misleading offer. Please take action.,Misleading advertisement
C01008,2026-08-16,PayEasy,Fintech,Wallet / UPI app,Telangana,799,"Very disappointed. Unable to cancel the plan, it keeps auto renewing every month. Kindly resolve.",Subscription trap
C01009,2025-12-22,CabGo,Ride hailing,Cab booking,Rajasthan,199,"URGENT: Poor experience overall, want someone senior to call me. Please take action.",Other
C01010,2026-01-02,CabGo,Ride hailing,Cab booking,Karnataka,9999,Pls help. Customer care is rude and unhelpful. Please look into it. Paisa wapas chahiye.,Other
C01011,2026-03-18,CabGo,Ride hailing,Cab booking,Maharashtra,9999,Bahut bura experience: Free trial converted to paid automatically. No easy way to unsubscribe.,Subscription trap
C01012,2026-04-13,FitLife,Health & fitness,Gym membership app,Telangana,499,"Sir/Madam, Customer care is rude and unhelpful. Please look into it. Please take action.",Other
C01013,2026-07-08,FreshBasket,Quick commerce,Grocery delivery,Gujarat,2499,Device is faulty and broken right out of the box.,Defective product
C01014,2026-09-11,QuickKart,E-commerce,Online marketplace order,Telangana,499,I returned the product 5 weeks ago but my refund has not been credited yet.,Delayed refund
C01015,2026-09-23,QuickKart,E-commerce,Online marketplace order,Telangana,1299,"Pls help. Order cancelled, money deducted but refund never received.",Delayed refund
C01016,2026-07-27,FreshBasket,Quick commerce,Grocery delivery,Tamil Nadu,4999,"URGENT: Poor experience overall, want someone senior to call me. Please take action.",Other
C01017,2026-07-24,FreshBasket,Quick commerce,Grocery delivery,Gujarat,4999,Customer care is rude and unhelpful. Please look into it.,Other
C01018,2026-03-02,CabGo,Ride hailing,Cab booking,Delhi,199,"Bahut bura experience: Poor experience overall, want someone senior to call me.",Other
C01019,2026-01-11,CabGo,Ride hailing,Cab booking,Maharashtra,4999,"Order cancelled, money deducted but refund never received.",Delayed refund
C01020,2026-10-09,PayEasy,Fintech,Wallet / UPI app,Delhi,4999,"Very disappointed. Mera personal data bina consent ke share kiya gaya, spam calls aa rahe hain. Kindly resolve.",Data misuse
C01021,2026-07-07,PayEasy,Fintech,Wallet / UPI app,Telangana,4999,"Checkout pe alag se extra fee laga diya, pehle nahi bataya tha.",Hidden charges
C01022,2026-06-08,CabGo,Ride hailing,Cab booking,Kerala,799,URGENT: Device is faulty and broken right out of the box. Paisa wapas chahiye.,Defective product
C01023,2025-10-29,FreshBasket,Quick commerce,Grocery delivery,Uttar Pradesh,199,"Sir/Madam, Ad promised guaranteed delivery in 1 day, this was false. Need response asap.",Misleading advertisement
C01024,2026-09-02,PayEasy,Fintech,Wallet / UPI app,Gujarat,499,My personal data was shared with third parties without my consent.,Data misuse
C01025,2025-10-21,FreshBasket,Quick commerce,Grocery delivery,Gujarat,199,"Very disappointed. Order cancleled, money deducted but refund never received.",Delayed refund
C01026,2026-09-24,QuickKart,E-commerce,Online marketplace order,Delhi,2499,I returned the product 5 weeks ago but my refund has not been credited yet. Kindly resolve.,Delayed refund
C01027,2025-10-22,FitLife,Health & fitness,Gym membership app,Uttar Pradesh,199,"Product description said original brand, what arrived is different from advertised.",Misleading advertisement
C01028,2026-07-02,TravelNest,Travel,Flight / hotel booking,Delhi,4999,"Bahut bura experience: Subscription band nahi ho raha, har mahine renew ho jata hai.",Subscription trap
C01029,2025-12-25,PayEasy,Fintech,Wallet / UPI app,Gujarat,199,"Bahut bura experience: Mera personal data bina consent ke share kiya gaya, spam calls aa rahe hain.",Data misuse
C01030,2026-08-10,QuickKart,E-commerce,Online marketplace order,Uttar Pradesh,799,I returned the product 5 weeks ago but my refund has not been credited yet. Please take action.,Delayed refund
C01031,2026-10-01,PayEasy,Fintech,Wallet / UPI app,Tamil Nadu,9999,"Mera personal data bina consent ke share kiya gaya, spam calls aa rahe hain. Kindly resolve.",Data misuse
C01032,2026-09-05,PayEasy,Fintech,Wallet / UPI app,Rajasthan,1299,"Pls help. Mera personal data bina consent ke share kiya gaya, spam calls aa rahe hain. Kindly resolve.",Data misuse
C01033,2026-06-17,FitLife,Health & fitness,Gym membership app,Maharashtra,499,"Sir/Madam, Product arrived damaged and stopped working in two days. Paisa wapas chahiye.",Defective product
C01034,2025-11-10,QuickKart,E-commerce,Online marketplace order,Kerala,799,Product arrived damaged and stopped working in two days. Kindly resolve.,Defective product
C01035,2026-02-24,TravelNest,Travel,Flight / hotel booking,Rajasthan,499,The advertisment claimed 50% off but the actual price was higher. Misleading offer.,Misleading advertisement
C01036,2026-08-06,PayEasy,Fintech,Wallet / UPI app,Maharashtra,2499,"Sir/Madam, Unable to cancel the plan, it keeps auto renewing every month.",Subscription trap
C01037,2026-03-21,ShopEase,E-commerce,Electronics,Gujarat,1299,My subscription auto-renewed without any reminder and the cancel option is hidden. Paisa wapas chahiye.,Subscription trap
C01038,2026-07-08,ShopEase,E-commerce,Electronics,West Bengal,499,"Ad promised guaranteed delivery in 1 day, this was false. Paisa wapas chahiye.",Misleading advertisement
C01039,2026-04-22,TravelNest,Travel,Flight / hotel booking,Telangana,799,"Sir/Madam, Ad promised guaranteed delivery in 1 day, this was false. Need response asap.",Misleading advertisement
C01040,2026-06-02,TravelNest,Travel,Flight / hotel booking,Telangana,499,"Bahut bura experience: Paise cut gaye lekin refund abhi tak nahi aaya, 3 weeks ho gaye. Need response asap.",Delayed refund
C01041,2026-01-10,QuickKart,E-commerce,Online marketplace order,Rajasthan,1299,"App collected my contacts and location without permission, privacy violated. Please take action.",Data misuse
C01042,2026-07-03,TravelNest,Travel,Flight / hotel booking,Gujarat,4999,"Surprise additional charges appeared on my invoice, the price shown earlier was lower. Please take action.",Hidden charges
C01043,2026-09-08,ShopEase,E-commerce,Electronics,West Bengal,799,The advertisement claimed 50% off but the actual price was higher. Misleading offer.,Misleading advertisement
C01044,2026-09-16,PayEasy,Fintech,Wallet / UPI app,Telangana,199,"URGENT: Mera personal data bina consent ke share kiya gaya, spam calls aa rahe hain.",Data misuse
C01045,2026-09-05,FitLife,Health & fitness,Gym membership app,West Bengal,799,Very disappointed. My personal data was shared with third parties without my consent. Kindly resolve.,Data misuse
C01046,2026-07-27,ShopEase,E-commerce,Electronics,Telangana,199,"Sir/Madam, Advertisement mein jo dikhaya woh product alag nikla, misleading claim. Paisa wapas chahiye.",Misleading advertisement
C01047,2026-06-10,CabGo,Ride hailing,Cab booking,Uttar Pradesh,199,Free trial converted to paid automatically. No easy way to unsubscribe.,Subscription trap
C01048,2026-10-03,StreamNova,OTT / Subscription,Video streaming plan,Tamil Nadu,9999,Bahut bura experience: My subscription auto-renewed without any reminder and the cancel option is hidden. Paisa wapas chahiye.,Subscription trap
C01049,2026-06-05,TravelNest,Travel,Flight / hotel booking,Telangana,799,"Recieved a defective item, seller refuses replacement. Please take action.",Defective product
C01050,2026-06-18,StreamNova,OTT / Subscription,Video streaming plan,Rajasthan,2499,Very disappointed. Final bill had extra handling and platform fees that were not shown at checkout.,Hidden charges
C01051,2026-02-11,PayEasy,Fintech,Wallet / UPI app,Rajasthan,799,"Sir/Madam, The advertisment claimed 50% off but the actual price was higher. Misleading offer. Please take action.",Misleading advertisement
C01052,2026-09-26,QuickKart,E-commerce,Online marketplace order,Kerala,9999,"URGENT: Order cancelled, money deducted but refund never received.",Delayed refund
C01053,2026-10-04,FreshBasket,Quick commerce,Grocery delivery,Gujarat,49,"Surprise additional chrges appeared on my invoice, the price shown earlier was lower. Kindly resolve.",Hidden charges
C01054,2026-05-09,CabGo,Ride hailing,Cab booking,Maharashtra,4999,"Paise cut gaye lekin refund abhi tak nahi aaya, 3 weeks ho gaye. Please take action.",Delayed refund
C01055,2026-01-29,PayEasy,Fintech,Wallet / UPI app,Kerala,1299,Bahut bura experience: Customer care is rude and unhelpful. Please look into it. Paisa wapas chahiye.,Other
C01056,2026-09-26,QuickKart,E-commerce,Online marketplace order,West Bengal,2499,"Refund promised in 7 days, still pending after a month. Support keeps giving new dates.",Delayed refund
C01057,2026-07-08,StreamNova,OTT / Subscription,Video streaming plan,Gujarat,199,"Sir/Madam, Subcription band nahi ho raha, har mahine renew ho jata hai. Please take action.",Subscription trap
C01058,2026-10-04,QuickKart,E-commerce,Online marketplace order,West Bengal,2499,"Sir/Madam, Refund promised in 7 days, still pending after a month. Support keeps giving new dates.",Delayed refund
C01059,2026-08-21,QuickKart,E-commerce,Online marketplace order,Telangana,1299,"Pls help. Paise cut gaye lekin refund abhi tak nahi aaya, 3 weeks ho gaye.",Delayed refund
C01060,2026-08-25,ShopEase,E-commerce,Electronics,Rajasthan,499,"Pls help. Paise cut gaye lekin refund abhi tak nahi aaya, 3 weeks ho gaye.",Delayed refund
C01061,2026-02-08,QuickKart,E-commerce,Online marketplace order,Delhi,4999,Device is faulty and broken right out of the box. Need response asap.,Defective product
C01062,2026-06-17,StreamNova,OTT / Subscription,Video streaming plan,West Bengal,9999,Very disappointed. I was charged a hidden convenience fee added at the last step.,Hidden charges
C01063,2026-09-05,QuickKart,E-commerce,Online marketplace order,Telangana,199,"Sir/Madam, Paise cut gaye lekin refund abhi tak nahi aaya, 3 weeks ho gaye. Kindly resolve.",Delayed refund
C01064,2026-07-17,StreamNova,OTT / Subscription,Video streaming plan,Uttar Pradesh,799,Bahut bura experience: I started getting spam calls right after sharing my phone number with this app. Paisa wapas chahiye.,Data misuse
C01065,2026-07-13,QuickKart,E-commerce,Online marketplace order,Kerala,4999,"Sir/Madam, Ad promised guaranteed delivery in 1 day, this was false.",Misleading advertisement
C01066,2026-08-14,PayEasy,Fintech,Wallet / UPI app,Delhi,1299,"Refund promised in 7 days, still pending after a month. Support keeps giving new dates.",Delayed refund
C01067,2026-09-07,FreshBasket,Quick commerce,Grocery delivery,Maharashtra,199,Very disappointed. I was charged a hidden convenience fee added at the last step.,Hidden charges
C01068,2025-11-27,TravelNest,Travel,Flight / hotel booking,West Bengal,9999,"Bahut bura experience: Very bad service, nobody is responding to me. Please take action.",Other
C01069,2026-10-05,PayEasy,Fintech,Wallet / UPI app,Telangana,4999,My personal data was shared with third parties without my consent. Please take action.,Data misuse
C01070,2026-10-08,FreshBasket,Quick commerce,Grocery delivery,Maharashtra,49,"Surprise additional chrges appeared on my invoice, the price shown earlier was lower. Kindly resolve.",Hidden charges
C01071,2026-10-04,StreamNova,OTT / Subscription,Video streaming plan,Maharashtra,199,"Sir/Madam, Free trial converted to paid automatically. No easy way to unsubscribe.",Subscription trap
C01072,2026-08-28,QuickKart,E-commerce,Online marketplace order,Maharashtra,499,"Very disappointed. Order cancelled, money deducted but refund never received.",Delayed refund
C01073,2026-10-04,FreshBasket,Quick commerce,Grocery delivery,Gujarat,49,"Sir/Madam, Final bill had extra handling and platform fees that were not shown at checkout. Kindly resolve.",Hidden charges
C01074,2026-07-19,PayEasy,Fintech,Wallet / UPI app,Telangana,499,"Sir/Madam, My subcription auto-renewed without any reminder and the cancel option is hidden.",Subscription trap
C01075,2026-09-16,ShopEase,E-commerce,Electronics,Karnataka,1299,Very disappointed. The advertisement claimed 50% off but the actual price was higher. Misleading offer. Kindly resolve.,Misleading advertisement
C01076,2026-05-20,PayEasy,Fintech,Wallet / UPI app,Tamil Nadu,499,"Pls help. Mera personal data bina consent ke share kiya gaya, spam calls aa rahe hain.",Data misuse
C01077,2026-05-15,FreshBasket,Quick commerce,Grocery delivery,Maharashtra,4999,"Surprise additional charges appeared on my invoice, the price shown earlier was lower.",Hidden charges
C01078,2026-10-07,QuickKart,E-commerce,Online marketplace order,Gujarat,499,"Sir/Madam, Paise cut gaye lekin refund abhi tak nahi aaya, 3 weeks ho gaye.",Delayed refund
C01079,2026-02-13,QuickKart,E-commerce,Online marketplace order,Maharashtra,1299,"Sir/Madam, Refund promised in 7 days, still pending after a month. Support keeps giving new dates. Paisa wapas chahiye.",Delayed refund
C01080,2026-04-14,TravelNest,Travel,Flight / hotel booking,Rajasthan,9999,"Very disappointed. Refund promised in 7 days, still pending after a month. Support keeps giving new dates. Need response asap.",Delayed refund
C01081,2026-01-15,FitLife,Health & fitness,Gym membership app,Gujarat,799,My persnal data was shared with third parties without my consent.,Data misuse
C01082,2026-09-05,FreshBasket,Quick commerce,Grocery delivery,Maharashtra,49,"Sir/Madam, Final bill had extra handling and platform fees that were not shown at checkout. Need response asap.",Hidden charges
C01083,2025-12-08,PayEasy,Fintech,Wallet / UPI app,Delhi,2499,"URGENT: Very bad service, nobody is responding to me. Paisa wapas chahiye.",Other
C01084,2025-10-18,StreamNova,OTT / Subscription,Video streaming plan,Gujarat,1299,"Very disappointed. Ad promised guaranteed delivery in 1 day, this was false. Please take action.",Misleading advertisement
C01085,2026-08-13,QuickKart,E-commerce,Online marketplace order,Telangana,1299,"Pls help. Order cancleled, money deducted but refund never recieved. Kindly resolve.",Delayed refund
C01086,2026-06-26,StreamNova,OTT / Subscription,Video streaming plan,Uttar Pradesh,2499,"Pls help. Unable to cancel the plan, it keeps auto renewing every month. Paisa wapas chahiye.",Subscription trap
C01087,2025-12-30,PayEasy,Fintech,Wallet / UPI app,West Bengal,9999,"Order cancelled, money deducted but refnd never received.",Delayed refund
C01088,2026-05-31,PayEasy,Fintech,Wallet / UPI app,Delhi,4999,Bahut bura experience: Product arrived damaged and stopped working in two days.,Defective product
C01089,2026-02-26,FreshBasket,Quick commerce,Grocery delivery,Gujarat,1299,"Sir/Madam, Surprise additional chrges appeared on my invoice, the price shown earlier was lower.",Hidden charges
C01090,2026-09-22,ShopEase,E-commerce,Electronics,Delhi,9999,"Sir/Madam, Order cancleled, money deducted but refund never received.",Delayed refund
C01091,2026-07-16,FreshBasket,Quick commerce,Grocery delivery,Delhi,2499,"Very disappointed. Advertisement mein jo dikhaya woh product alag nikla, misleading claim. Kindly resolve.",Misleading advertisement
C01092,2026-05-04,FitLife,Health & fitness,Gym membership app,Karnataka,4999,"Unable to cancel the plan, it keeps auto renewing every month.",Subscription trap
C01093,2026-10-06,FreshBasket,Quick commerce,Grocery delivery,Gujarat,99,I was charged a hidden convenience fee added at the last step. Kindly resolve.,Hidden charges
C01094,2026-03-25,QuickKart,E-commerce,Online marketplace order,Kerala,2499,URGENT: My personal data was shared with third parties without my consent. Kindly resolve.,Data misuse
C01095,2026-08-25,TravelNest,Travel,Flight / hotel booking,Rajasthan,499,Very disappointed. Customer care is rude and unhelpful. Please look into it. Kindly resolve.,Other
C01096,2026-09-11,PayEasy,Fintech,Wallet / UPI app,Rajasthan,2499,"Sir/Madam, I returned the product 5 weeks ago but my refund has not been credited yet. Kindly resolve.",Delayed refund
C01097,2026-05-12,QuickKart,E-commerce,Online marketplace order,Telangana,799,"Mera personal data bina consent ke share kiya gaya, spam calls aa rahe hain.",Data misuse
C01098,2026-06-18,StreamNova,OTT / Subscription,Video streaming plan,Kerala,1299,My personal data was shared with third parties without my consent. Kindly resolve.,Data misuse
C01099,2025-12-19,PayEasy,Fintech,Wallet / UPI app,West Bengal,2499,"Refund promised in 7 days, still pending after a month. Support keeps giving new dates. Need response asap.",Delayed refund
C01100,2026-09-13,FreshBasket,Quick commerce,Grocery delivery,Gujarat,49,I was charged a hidden convenience fee added at the last step.,Hidden charges
C01101,2026-07-08,FreshBasket,Quick commerce,Grocery delivery,Maharashtra,4999,The advertisement claimed 50% off but the actual price was higher. Misleading offer. Need response asap.,Misleading advertisement
C01102,2026-08-16,StreamNova,OTT / Subscription,Video streaming plan,Delhi,799,"URGENT: Received a defective item, seller refuses replacement.",Defective product
C01103,2026-06-28,ShopEase,E-commerce,Electronics,Delhi,799,"Very disappointed. Advertisement mein jo dikhaya woh product alag nikla, misleading claim. Paisa wapas chahiye.",Misleading advertisement
C01104,2026-03-29,FreshBasket,Quick commerce,Grocery delivery,Uttar Pradesh,799,"Product kharab nikla, defective piece mila aur replacement nahi de rahe.",Defective product
C01105,2026-08-30,PayEasy,Fintech,Wallet / UPI app,Telangana,799,Pls help. I started getting spam calls right after sharing my phone number with this app.,Data misuse
C01106,2026-08-03,CabGo,Ride hailing,Cab booking,Kerala,9999,Free trial converted to paid automatically. No easy way to unsubscribe. Need response asap.,Subscription trap
C01107,2026-08-25,FreshBasket,Quick commerce,Grocery delivery,Maharashtra,99,"Pls help. Checkout pe alag se extra fee laga diya, pehle nahi bataya tha.",Hidden charges
C01108,2025-12-09,TravelNest,Travel,Flight / hotel booking,Rajasthan,799,"Mera personal data bina consent ke share kiya gaya, spam calls aa rahe hain. Please take action.",Data misuse
C01109,2026-06-07,QuickKart,E-commerce,Online marketplace order,Karnataka,1299,"Very bad service, nobody is responding to me. Need response asap.",Other
C01110,2026-06-03,PayEasy,Fintech,Wallet / UPI app,Telangana,199,"Very disappointed. Ad promised guaranteed delivery in 1 day, this was false.",Misleading advertisement
C01111,2026-08-31,PayEasy,Fintech,Wallet / UPI app,Kerala,1299,"URGENT: Mera personal data bina consent ke share kiya gaya, spam calls aa rahe hain. Need response asap.",Data misuse
C01112,2026-09-07,FreshBasket,Quick commerce,Grocery delivery,Maharashtra,199,"Pls help. Checkout pe alag se extra fee laga diya, pehle nahi bataya tha.",Hidden charges
C01113,2026-03-27,PayEasy,Fintech,Wallet / UPI app,Uttar Pradesh,4999,I started getting spam calls right after sharing my phone number with this app. Kindly resolve.,Data misuse
C01114,2026-08-06,QuickKart,E-commerce,Online marketplace order,Rajasthan,2499,Very disappointed. I returned the product 5 weeks ago but my refund has not been credited yet.,Delayed refund
C01115,2025-12-07,QuickKart,E-commerce,Online marketplace order,Kerala,1299,"Sir/Madam, Poor experience overall, want someone senior to call me. Need response asap.",Other
C01116,2026-03-26,StreamNova,OTT / Subscription,Video streaming plan,Uttar Pradesh,9999,"Product description said original brand, what arrived is different from advertised.",Misleading advertisement
C01117,2026-10-02,QuickKart,E-commerce,Online marketplace order,Kerala,199,"URGENT: Paise cut gaye lekin refund abhi tak nahi aaya, 3 weeks ho gaye.",Delayed refund
C01118,2026-10-06,StreamNova,OTT / Subscription,Video streaming plan,West Bengal,4999,"Subcription band nahi ho raha, har mahine renew ho jata hai. Kindly resolve.",Subscription trap
C01119,2025-12-20,StreamNova,OTT / Subscription,Video streaming plan,Rajasthan,499,"Refnd promised in 7 days, still pending after a month. Support keeps giving new dates.",Delayed refund
C01120,2026-04-25,PayEasy,Fintech,Wallet / UPI app,Kerala,199,"Sir/Madam, Product arrived damaged and stopped working in two days.",Defective product
C01121,2026-01-21,CabGo,Ride hailing,Cab booking,Tamil Nadu,499,"URGENT: Ad promised guaranteed delivery in 1 day, this was false.",Misleading advertisement
C01122,2026-09-08,PayEasy,Fintech,Wallet / UPI app,Karnataka,9999,"Very disappointed. App collected my contacts and location without permission, privacy violated. Need response asap.",Data misuse
C01123,2026-08-14,FitLife,Health & fitness,Gym membership app,Rajasthan,199,"Sir/Madam, Subscription band nahi ho raha, har mahine renew ho jata hai. Paisa wapas chahiye.",Subscription trap
C01124,2026-08-30,FreshBasket,Quick commerce,Grocery delivery,Maharashtra,49,"Bahut bura experience: Surprise additional charges appeared on my invoice, the price shown earlier was lower.",Hidden charges
C01125,2026-05-22,PayEasy,Fintech,Wallet / UPI app,Rajasthan,9999,"Sir/Madam, Paise cut gaye lekin refund abhi tak nahi aaya, 3 weeks ho gaye. Paisa wapas chahiye.",Delayed refund
C01126,2026-09-02,TravelNest,Travel,Flight / hotel booking,Rajasthan,1299,My subscription auto-renewed without any reminder and the cancel option is hidden. Paisa wapas chahiye.,Subscription trap
C01127,2026-03-25,TravelNest,Travel,Flight / hotel booking,Karnataka,9999,Very disappointed. Product arrived damaged and stopped working in two days. Paisa wapas chahiye.,Defective product
C01128,2026-07-28,StreamNova,OTT / Subscription,Video streaming plan,Karnataka,799,Bahut bura experience: Free trial converted to paid automatically. No easy way to unsubscribe.,Subscription trap
C01129,2026-09-28,StreamNova,OTT / Subscription,Video streaming plan,Rajasthan,2499,Device is faulty and broken right out of the box. Need response asap.,Defective product
C01130,2026-09-20,QuickKart,E-commerce,Online marketplace order,West Bengal,499,"Sir/Madam, Order cancelled, money deducted but refund never received. Paisa wapas chahiye.",Delayed refund
C01131,2026-04-13,FreshBasket,Quick commerce,Grocery delivery,Tamil Nadu,799,"Poor experience overall, want someone senior to call me. Paisa wapas chahiye.",Other
C01132,2026-10-06,PayEasy,Fintech,Wallet / UPI app,Karnataka,499,"App collected my contacts and location without permission, privacy violated. Need response asap.",Data misuse
C01133,2026-10-04,QuickKart,E-commerce,Online marketplace order,Telangana,4999,I returned the product 5 weeks ago but my refund has not been credited yet. Kindly resolve.,Delayed refund
C01134,2026-08-30,StreamNova,OTT / Subscription,Video streaming plan,Uttar Pradesh,2499,Free trial converted to paid automatically. No easy way to unsubscribe.,Subscription trap
C01135,2026-07-06,TravelNest,Travel,Flight / hotel booking,Rajasthan,1299,"Product kharab nikla, defective piece mila aur replacement nahi de rahe. Kindly resolve.",Defective product
C01136,2026-08-10,ShopEase,E-commerce,Electronics,Gujarat,1299,"Received a defective item, seller refuses replacement. Please take action.",Defective product
C01137,2026-09-26,StreamNova,OTT / Subscription,Video streaming plan,Gujarat,499,"Unable to cancel the plan, it keeps auto renewing every month. Kindly resolve.",Subscription trap
C01138,2025-10-25,PayEasy,Fintech,Wallet / UPI app,West Bengal,199,The advertisement claimed 50% off but the actual price was higher. Misleading offer. Paisa wapas chahiye.,Misleading advertisement
C01139,2026-01-13,StreamNova,OTT / Subscription,Video streaming plan,Rajasthan,199,"Refund promised in 7 days, still pending after a month. Support keeps giving new dates.",Delayed refund
C01140,2026-09-09,PayEasy,Fintech,Wallet / UPI app,Karnataka,799,"Bahut bura experience: Mera personal data bina consent ke share kiya gaya, spam calls aa rahe hain. Paisa wapas chahiye.",Data misuse
C01141,2026-01-09,TravelNest,Travel,Flight / hotel booking,Delhi,2499,"Sir/Madam, Subscription band nahi ho raha, har mahine renew ho jata hai. Paisa wapas chahiye.",Subscription trap
C01142,2026-08-14,StreamNova,OTT / Subscription,Video streaming plan,Kerala,9999,"Bahut bura experience: Subscription band nahi ho raha, har mahine renew ho jata hai.",Subscription trap
C01143,2025-10-12,StreamNova,OTT / Subscription,Video streaming plan,West Bengal,9999,"Sir/Madam, Checkout pe alag se extra fee laga diya, pehle nahi bataya tha. Kindly resolve.",Hidden charges
C01144,2026-07-13,QuickKart,E-commerce,Online marketplace order,Maharashtra,9999,"Surprise additional charges appeared on my invoice, the price shown earlier was lower. Need response asap.",Hidden charges
C01145,2026-09-03,StreamNova,OTT / Subscription,Video streaming plan,Kerala,1299,"Very bad service, nobody is responding to me. Need response asap.",Other
C01146,2026-08-28,QuickKart,E-commerce,Online marketplace order,Karnataka,4999,"Sir/Madam, Paise cut gaye lekin refund abhi tak nahi aaya, 3 weeks ho gaye.",Delayed refund
C01147,2026-08-24,QuickKart,E-commerce,Online marketplace order,Delhi,799,Pls help. I returned the product 5 weeks ago but my refund has not been credited yet. Need response asap.,Delayed refund
C01148,2026-04-10,CabGo,Ride hailing,Cab booking,Karnataka,199,"Bahut bura experience: Surprise additional charges appeared on my invoice, the price shown earlier was lower.",Hidden charges
C01149,2026-09-10,FreshBasket,Quick commerce,Grocery delivery,Karnataka,2499,I started getting spam calls right after sharing my phone number with this app.,Data misuse
C01150,2026-03-15,ShopEase,E-commerce,Electronics,Delhi,9999,Customer care is rude and unhelpful. Please look into it. Paisa wapas chahiye.,Other
C01151,2026-08-11,QuickKart,E-commerce,Online marketplace order,West Bengal,1299,"Very disappointed. Order cancleled, money deducted but refund never received. Kindly resolve.",Delayed refund
C01152,2026-10-01,QuickKart,E-commerce,Online marketplace order,Rajasthan,1299,"Bahut bura experience: Order cancelled, money deducted but refnd never received. Paisa wapas chahiye.",Delayed refund
C01153,2026-04-05,StreamNova,OTT / Subscription,Video streaming plan,Rajasthan,4999,"Very bad service, nobody is responding to me. Paisa wapas chahiye.",Other
C01154,2026-03-22,ShopEase,E-commerce,Electronics,Delhi,4999,Final bill had extra handling and platform fees that were not shown at checkout.,Hidden charges
C01155,2026-04-10,StreamNova,OTT / Subscription,Video streaming plan,Tamil Nadu,499,"App collected my contacts and location without permission, privacy violated. Kindly resolve.",Data misuse
C01156,2026-04-20,FreshBasket,Quick commerce,Grocery delivery,Uttar Pradesh,9999,"URGENT: Received a defective item, seller refuses replacement.",Defective product
C01157,2025-12-02,CabGo,Ride hailing,Cab booking,Delhi,2499,"Unable to cancel the plan, it keeps auto renewing every month. Paisa wapas chahiye.",Subscription trap
C01158,2026-03-08,ShopEase,E-commerce,Electronics,Delhi,9999,"URGENT: Advertisement mein jo dikhaya woh product alag nikla, misleading claim.",Misleading advertisement
C01159,2026-03-31,FreshBasket,Quick commerce,Grocery delivery,Karnataka,4999,Pls help. Device is faulty and broken right out of the box. Kindly resolve.,Defective product
C01160,2025-10-23,StreamNova,OTT / Subscription,Video streaming plan,Maharashtra,4999,My personal data was shared with third parties without my consent. Paisa wapas chahiye.,Data misuse
C01161,2026-08-23,QuickKart,E-commerce,Online marketplace order,Delhi,4999,"Very disappointed. Refund promised in 7 days, still pending after a month. Support keeps giving new dates. Paisa wapas chahiye.",Delayed refund
C01162,2025-10-26,PayEasy,Fintech,Wallet / UPI app,Kerala,9999,"Pls help. Received a defective item, seller refuses replacement.",Defective product
C01163,2026-02-28,QuickKart,E-commerce,Online marketplace order,Rajasthan,2499,"Bahut bura experience: Ad promised guaranteed delivery in 1 day, this was false.",Misleading advertisement
C01164,2026-06-18,TravelNest,Travel,Flight / hotel booking,Karnataka,199,"Sir/Madam, Device is faulty and broken right out of the box. Kindly resolve.",Defective product
C01165,2026-08-29,FreshBasket,Quick commerce,Grocery delivery,Maharashtra,49,Very disappointed. Final bill had extra handling and platform fees that were not shown at checkout.,Hidden charges
C01166,2026-09-08,StreamNova,OTT / Subscription,Video streaming plan,Karnataka,2499,"Bahut bura experience: Subscription band nahi ho raha, har mahine renew ho jata hai.",Subscription trap
C01167,2026-08-19,QuickKart,E-commerce,Online marketplace order,Gujarat,2499,"Pls help. Refnd promised in 7 days, still pending after a month. Support keeps giving new dates.",Delayed refund
C01168,2026-07-27,QuickKart,E-commerce,Online marketplace order,Tamil Nadu,4999,"Sir/Madam, Mera personal data bina consent ke share kiya gaya, spam calls aa rahe hain.",Data misuse
C01169,2026-09-20,QuickKart,E-commerce,Online marketplace order,Delhi,4999,"Paise cut gaye lekin refund abhi tak nahi aaya, 3 weeks ho gaye. Please take action.",Delayed refund
C01170,2026-09-04,PayEasy,Fintech,Wallet / UPI app,Kerala,499,My personal data was shared with third parties without my consent. Need response asap.,Data misuse
C01171,2026-10-01,QuickKart,E-commerce,Online marketplace order,Karnataka,799,"Bahut bura experience: Paise cut gaye lekin refund abhi tak nahi aaya, 3 weeks ho gaye.",Delayed refund
C01172,2026-08-22,StreamNova,OTT / Subscription,Video streaming plan,Telangana,199,"Sir/Madam, Subscription band nahi ho raha, har mahine renew ho jata hai.",Subscription trap
C01173,2026-01-30,StreamNova,OTT / Subscription,Video streaming plan,West Bengal,499,Very disappointed. Customer care is rude and unhelpful. Please look into it.,Other
C01174,2026-09-04,FreshBasket,Quick commerce,Grocery delivery,Gujarat,149,I was charged a hidden convenience fee added at the last step.,Hidden charges
C01175,2026-01-01,FreshBasket,Quick commerce,Grocery delivery,Uttar Pradesh,799,Bahut bura experience: My subscription auto-renewed without any reminder and the cancel option is hidden. Kindly resolve.,Subscription trap
C01176,2026-09-15,QuickKart,E-commerce,Online marketplace order,Gujarat,2499,"Very disappointed. Paise cut gaye lekin refund abhi tak nahi aaya, 3 weeks ho gaye. Kindly resolve.",Delayed refund
C01177,2026-03-07,PayEasy,Fintech,Wallet / UPI app,Gujarat,199,Very disappointed. Free trial converted to paid automatically. No easy way to unsubscribe.,Subscription trap
C01178,2026-09-03,FreshBasket,Quick commerce,Grocery delivery,Gujarat,199,URGENT: I was charged a hidden convenience fee added at the last step. Paisa wapas chahiye.,Hidden charges
C01179,2025-12-28,ShopEase,E-commerce,Electronics,Kerala,199,"Pls help. Advertisment mein jo dikhaya woh product alag nikla, misleading claim. Kindly resolve.",Misleading advertisement
C01180,2025-12-07,FreshBasket,Quick commerce,Grocery delivery,West Bengal,4999,I returned the product 5 weeks ago but my refund has not been credited yet.,Delayed refund
C01181,2026-06-12,PayEasy,Fintech,Wallet / UPI app,Uttar Pradesh,199,"URGENT: Very bad service, nobody is responding to me. Please take action.",Other
C01182,2026-09-20,FitLife,Health & fitness,Gym membership app,Tamil Nadu,199,"Refund promised in 7 days, still pending after a month. Support keeps giving new dates.",Delayed refund
C01183,2026-05-12,StreamNova,OTT / Subscription,Video streaming plan,Karnataka,4999,Pls help. I returned the product 5 weeks ago but my refund has not been credited yet. Kindly resolve.,Delayed refund
C01184,2025-12-18,TravelNest,Travel,Flight / hotel booking,Telangana,799,URGENT: Free trial converted to paid automatically. No easy way to unsubscribe.,Subscription trap
C01185,2026-10-09,QuickKart,E-commerce,Online marketplace order,Kerala,499,I returned the product 5 weeks ago but my refund has not been credited yet.,Delayed refund
C01186,2026-03-12,FreshBasket,Quick commerce,Grocery delivery,Rajasthan,2499,"Checkout pe alag se extra fee laga diya, pehle nahi bataya tha. Kindly resolve.",Hidden charges
C01187,2026-08-20,QuickKart,E-commerce,Online marketplace order,Rajasthan,199,"Sir/Madam, Refund promised in 7 days, still pending after a month. Support keeps giving new dates. Need response asap.",Delayed refund
C01188,2026-09-01,StreamNova,OTT / Subscription,Video streaming plan,Telangana,799,Bahut bura experience: My subscription auto-renewed without any reminder and the cancel option is hidden. Kindly resolve.,Subscription trap
C01189,2025-11-21,FreshBasket,Quick commerce,Grocery delivery,Telangana,1299,"Advertisement mein jo dikhaya woh product alag nikla, misleading claim. Paisa wapas chahiye.",Misleading advertisement
C01190,2026-06-30,StreamNova,OTT / Subscription,Video streaming plan,Uttar Pradesh,2499,Product arrived damaged and stopped working in two days.,Defective product
C01191,2026-09-20,StreamNova,OTT / Subscription,Video streaming plan,Delhi,199,"Unable to cancle the plan, it keeps auto renewing every month.",Subscription trap
C01192,2026-01-07,QuickKart,E-commerce,Online marketplace order,Gujarat,2499,"URGENT: Surprise additional chrges appeared on my invoice, the price shown earlier was lower.",Hidden charges
C01193,2026-01-03,ShopEase,E-commerce,Electronics,Telangana,1299,The advertisment claimed 50% off but the actual price was higher. Misleading offer. Need response asap.,Misleading advertisement
C01194,2026-09-15,QuickKart,E-commerce,Online marketplace order,Gujarat,9999,"Bahut bura experience: Poor experience overall, want someone senior to call me.",Other
C01195,2026-02-19,CabGo,Ride hailing,Cab booking,West Bengal,2499,"Sir/Madam, Product kharab nikla, defectve piece mila aur replacement nahi de rahe. Kindly resolve.",Defective product
C01196,2026-06-03,ShopEase,E-commerce,Electronics,Rajasthan,2499,"Product description said original brand, what arrived is different from advertised. Need response asap.",Misleading advertisement
C01197,2026-08-28,QuickKart,E-commerce,Online marketplace order,Delhi,499,"URGENT: Paise cut gaye lekin refund abhi tak nahi aaya, 3 weeks ho gaye.",Delayed refund
C01198,2026-02-08,ShopEase,E-commerce,Electronics,Delhi,499,The advertisement claimed 50% off but the actual price was higher. Misleading offer. Kindly resolve.,Misleading advertisement
C01199,2026-01-06,ShopEase,E-commerce,Electronics,Telangana,199,"Pls help. Advertisement mein jo dikhaya woh product alag nikla, misleading claim.",Misleading advertisement
C01200,2026-08-14,PayEasy,Fintech,Wallet / UPI app,Gujarat,9999,Bahut bura experience: Final bill had extra handling and platform fees that were not shown at checkout.,Hidden charges
C01201,2025-11-09,QuickKart,E-commerce,Online marketplace order,Telangana,199,"Mera personal data bina consent ke share kiya gaya, spam calls aa rahe hain. Kindly resolve.",Data misuse
C01202,2026-09-12,FreshBasket,Quick commerce,Grocery delivery,Gujarat,199,"Checkout pe alag se extra fee laga diya, pehle nahi bataya tha.",Hidden charges
C01203,2026-09-10,PayEasy,Fintech,Wallet / UPI app,Uttar Pradesh,9999,Final bill had extra handling and platform fees that were not shown at checkout. Need response asap.,Hidden charges
C01204,2026-05-02,StreamNova,OTT / Subscription,Video streaming plan,Telangana,199,URGENT: I returned the product 5 weeks ago but my refund has not been credited yet. Need response asap.,Delayed refund
C01205,2026-10-07,QuickKart,E-commerce,Online marketplace order,Kerala,9999,"Pls help. Paise cut gaye lekin refund abhi tak nahi aaya, 3 weeks ho gaye.",Delayed refund
C01206,2026-09-30,QuickKart,E-commerce,Online marketplace order,Kerala,2499,"Very disappointed. Refund promised in 7 days, still pending after a month. Support keeps giving new dates. Paisa wapas chahiye.",Delayed refund
C01207,2026-10-09,StreamNova,OTT / Subscription,Video streaming plan,Telangana,799,"Pls help. Product description said original brand, what arrived is different from advertised. Please take action.",Misleading advertisement
C01208,2026-07-01,StreamNova,OTT / Subscription,Video streaming plan,Telangana,199,"Unable to cancel the plan, it keeps auto renewing every month. Need response asap.",Subscription trap
C01209,2026-06-09,StreamNova,OTT / Subscription,Video streaming plan,Karnataka,4999,"Sir/Madam, The advertisement claimed 50% off but the actual price was higher. Misleading offer. Paisa wapas chahiye.",Misleading advertisement
C01210,2026-03-27,CabGo,Ride hailing,Cab booking,Uttar Pradesh,4999,"URGENT: Checkout pe alag se extra fee laga diya, pehle nahi bataya tha.",Hidden charges
C01211,2026-06-17,CabGo,Ride hailing,Cab booking,Gujarat,4999,"Sir/Madam, Paise cut gaye lekin refund abhi tak nahi aaya, 3 weeks ho gaye. Paisa wapas chahiye.",Delayed refund
C01212,2026-01-21,PayEasy,Fintech,Wallet / UPI app,Uttar Pradesh,199,I returned the product 5 weeks ago but my refund has not been credited yet. Kindly resolve.,Delayed refund
C01213,2026-09-05,PayEasy,Fintech,Wallet / UPI app,Kerala,9999,My persnal data was shared with third parties without my consent.,Data misuse
C01214,2026-09-05,QuickKart,E-commerce,Online marketplace order,Karnataka,499,"Sir/Madam, I returned the product 5 weeks ago but my refnd has not been credited yet. Please take action.",Delayed refund
C01215,2026-03-23,ShopEase,E-commerce,Electronics,Tamil Nadu,4999,"Very disappointed. Subscription band nahi ho raha, har mahine renew ho jata hai. Paisa wapas chahiye.",Subscription trap
C01216,2026-10-07,PayEasy,Fintech,Wallet / UPI app,Uttar Pradesh,799,My personal data was shared with third parties without my consent.,Data misuse
C01217,2026-09-29,StreamNova,OTT / Subscription,Video streaming plan,Kerala,4999,Free trial converted to paid automatically. No easy way to unsubscribe. Need response asap.,Subscription trap
C01218,2025-12-26,QuickKart,E-commerce,Online marketplace order,Telangana,499,Customer care is rude and unhelpful. Please look into it. Need response asap.,Other
C01219,2026-10-01,ShopEase,E-commerce,Electronics,Gujarat,1299,Bahut bura experience: The advertisement claimed 50% off but the actual price was higher. Misleading offer.,Misleading advertisement
C01220,2026-09-07,TravelNest,Travel,Flight / hotel booking,Kerala,4999,"Advertisement mein jo dikhaya woh product alag nikla, misleading claim.",Misleading advertisement
C01221,2026-09-14,PayEasy,Fintech,Wallet / UPI app,Maharashtra,199,"Sir/Madam, App collected my contacts and location without permission, privacy violated.",Data misuse
C01222,2026-09-28,TravelNest,Travel,Flight / hotel booking,Maharashtra,2499,"Bahut bura experience: Checkout pe alag se extra fee laga diya, pehle nahi bataya tha.",Hidden charges
C01223,2025-11-23,QuickKart,E-commerce,Online marketplace order,Karnataka,799,"Sir/Madam, Customer care is rude and unhelpful. Please look into it. Kindly resolve.",Other
C01224,2026-01-28,StreamNova,OTT / Subscription,Video streaming plan,Kerala,1299,"Sir/Madam, I returned the product 5 weeks ago but my refund has not been credited yet.",Delayed refund
C01225,2025-10-10,FreshBasket,Quick commerce,Grocery delivery,Kerala,799,"Sir/Madam, Very bad service, nobody is responding to me.",Other
C01226,2026-08-12,QuickKart,E-commerce,Online marketplace order,Maharashtra,9999,"Sir/Madam, Paise cut gaye lekin refund abhi tak nahi aaya, 3 weeks ho gaye.",Delayed refund
C01227,2026-02-07,QuickKart,E-commerce,Online marketplace order,Tamil Nadu,2499,"Very disappointed. Paise cut gaye lekin refund abhi tak nahi aaya, 3 weeks ho gaye.",Delayed refund
C01228,2026-10-07,FreshBasket,Quick commerce,Grocery delivery,Gujarat,49,"URGENT: Checkout pe alag se extra fee laga diya, pehle nahi bataya tha.",Hidden charges
C01229,2026-08-16,QuickKart,E-commerce,Online marketplace order,Telangana,9999,"Sir/Madam, Paise cut gaye lekin refund abhi tak nahi aaya, 3 weeks ho gaye. Please take action.",Delayed refund
C01230,2026-03-25,ShopEase,E-commerce,Electronics,Tamil Nadu,9999,Bahut bura experience: The advertisement claimed 50% off but the actual price was higher. Misleading offer. Kindly resolve.,Misleading advertisement
C01231,2026-09-05,ShopEase,E-commerce,Electronics,Uttar Pradesh,799,Product arrived damaged and stopped working in two days. Need response asap.,Defective product
C01232,2026-02-10,ShopEase,E-commerce,Electronics,Maharashtra,799,Bahut bura experience: I was charged a hidden convenience fee added at the last step. Need response asap.,Hidden charges
C01233,2026-09-23,FreshBasket,Quick commerce,Grocery delivery,Gujarat,49,"Sir/Madam, Checkout pe alag se extra fee laga diya, pehle nahi bataya tha.",Hidden charges
C01234,2025-12-13,FitLife,Health & fitness,Gym membership app,Maharashtra,1299,Final bill had extra handling and platform fees that were not shown at checkout. Paisa wapas chahiye.,Hidden charges
C01235,2025-10-14,PayEasy,Fintech,Wallet / UPI app,Gujarat,1299,Very disappointed. Customer care is rude and unhelpful. Please look into it.,Other
C01236,2025-11-18,ShopEase,E-commerce,Electronics,Gujarat,199,The advertisment claimed 50% off but the actual price was higher. Misleading offer. Paisa wapas chahiye.,Misleading advertisement
C01237,2026-01-15,PayEasy,Fintech,Wallet / UPI app,Delhi,9999,I was charged a hidden convenience fee added at the last step.,Hidden charges
C01238,2026-05-19,StreamNova,OTT / Subscription,Video streaming plan,Kerala,2499,Bahut bura experience: The advertisement claimed 50% off but the actual price was higher. Misleading offer. Need response asap.,Misleading advertisement
C01239,2026-08-11,QuickKart,E-commerce,Online marketplace order,Uttar Pradesh,4999,"URGENT: Order cancelled, money deducted but refund never received.",Delayed refund
C01240,2026-05-22,PayEasy,Fintech,Wallet / UPI app,West Bengal,499,Bahut bura experience: Device is faulty and broken right out of the box.,Defective product
C01241,2026-09-24,FreshBasket,Quick commerce,Grocery delivery,Maharashtra,149,Final bill had extra handling and platform fees that were not shown at checkout. Paisa wapas chahiye.,Hidden charges
C01242,2026-06-23,StreamNova,OTT / Subscription,Video streaming plan,Tamil Nadu,9999,My subcription auto-renewed without any reminder and the cancel option is hidden. Need response asap.,Subscription trap
C01243,2026-10-04,StreamNova,OTT / Subscription,Video streaming plan,Rajasthan,799,My subscription auto-renewed without any reminder and the cancel option is hidden. Kindly resolve.,Subscription trap
C01244,2026-01-12,QuickKart,E-commerce,Online marketplace order,Gujarat,4999,"Very disappointed. Very bad service, nobody is responding to me. Kindly resolve.",Other
C01245,2026-06-11,PayEasy,Fintech,Wallet / UPI app,Tamil Nadu,499,"Surprise additional charges appeared on my invoice, the price shown earlier was lower.",Hidden charges
C01246,2026-07-13,StreamNova,OTT / Subscription,Video streaming plan,Delhi,4999,Free trial converted to paid automatically. No easy way to unsubscribe. Need response asap.,Subscription trap
C01247,2026-03-03,CabGo,Ride hailing,Cab booking,Telangana,799,"Pls help. Checkout pe alag se extra fee laga diya, pehle nahi bataya tha. Need response asap.",Hidden charges
C01248,2026-08-26,QuickKart,E-commerce,Online marketplace order,Kerala,499,I returned the product 5 weeks ago but my refund has not been credited yet.,Delayed refund
C01249,2025-11-04,CabGo,Ride hailing,Cab booking,Telangana,2499,"Bahut bura experience: Very bad service, nobody is responding to me.",Other
C01250,2026-09-23,StreamNova,OTT / Subscription,Video streaming plan,Kerala,2499,Pls help. My subscription auto-renewed without any reminder and the cancel option is hidden. Please take action.,Subscription trap
C01251,2026-10-04,StreamNova,OTT / Subscription,Video streaming plan,Delhi,4999,"Sir/Madam, Unable to cancle the plan, it keeps auto renewing every month.",Subscription trap
C01252,2026-05-27,StreamNova,OTT / Subscription,Video streaming plan,Maharashtra,1299,"Checkout pe alag se extra fee laga diya, pehle nahi bataya tha.",Hidden charges
C01253,2026-03-25,FreshBasket,Quick commerce,Grocery delivery,Tamil Nadu,9999,"Very disappointed. Surprise additional charges appeared on my invoice, the price shown earlier was lower.",Hidden charges
C01254,2026-08-30,QuickKart,E-commerce,Online marketplace order,Delhi,2499,"Refund promised in 7 days, still pending after a month. Support keeps giving new dates.",Delayed refund
C01255,2026-07-07,QuickKart,E-commerce,Online marketplace order,Uttar Pradesh,799,"Ad promised guaranteed delivery in 1 day, this was false.",Misleading advertisement
C01256,2026-10-09,StreamNova,OTT / Subscription,Video streaming plan,Delhi,4999,"Sir/Madam, My subscription auto-renewed without any reminder and the cancel option is hidden. Kindly resolve.",Subscription trap
C01257,2026-09-28,ShopEase,E-commerce,Electronics,Telangana,199,My subscription auto-renewed without any reminder and the cancel option is hidden. Please take action.,Subscription trap
C01258,2026-04-18,PayEasy,Fintech,Wallet / UPI app,Uttar Pradesh,799,"Sir/Madam, Product arrived damaged and stopped working in two days.",Defective product
C01259,2026-06-01,CabGo,Ride hailing,Cab booking,Karnataka,9999,Bahut bura experience: I started getting spam calls right after sharing my phone number with this app. Paisa wapas chahiye.,Data misuse
C01260,2026-05-26,StreamNova,OTT / Subscription,Video streaming plan,Karnataka,9999,"Very disappointed. Ad promised guaranteed delivery in 1 day, this was false.",Misleading advertisement
C01261,2026-06-12,StreamNova,OTT / Subscription,Video streaming plan,Tamil Nadu,4999,"URGENT: App collected my contacts and location without permission, privacy violated. Need response asap.",Data misuse
C01262,2026-07-19,QuickKart,E-commerce,Online marketplace order,Kerala,799,URGENT: Final bill had extra handling and platform fees that were not shown at checkout. Kindly resolve.,Hidden charges
C01263,2026-09-08,FitLife,Health & fitness,Gym membership app,Maharashtra,199,"Pls help. Advertisement mein jo dikhaya woh product alag nikla, misleading claim. Kindly resolve.",Misleading advertisement
C01264,2026-04-23,FreshBasket,Quick commerce,Grocery delivery,Tamil Nadu,9999,"Sir/Madam, Refund promised in 7 days, still pending after a month. Support keeps giving new dates. Please take action.",Delayed refund
C01265,2026-02-13,PayEasy,Fintech,Wallet / UPI app,Kerala,199,"Pls help. Ad promised guaranteed delivery in 1 day, this was false.",Misleading advertisement
C01266,2026-09-17,QuickKart,E-commerce,Online marketplace order,Tamil Nadu,199,"Paise cut gaye lekin refund abhi tak nahi aaya, 3 weeks ho gaye. Need response asap.",Delayed refund
C01267,2026-09-05,QuickKart,E-commerce,Online marketplace order,Telangana,499,URGENT: I started getting spam calls right after sharing my phone number with this app.,Data misuse
C01268,2026-08-10,StreamNova,OTT / Subscription,Video streaming plan,Telangana,1299,Pls help. Free trial converted to paid automatically. No easy way to unsubscribe. Please take action.,Subscription trap
C01269,2025-12-18,ShopEase,E-commerce,Electronics,Tamil Nadu,1299,"Product description said original brand, what arrived is different from advertised.",Misleading advertisement
C01270,2026-09-17,FreshBasket,Quick commerce,Grocery delivery,Maharashtra,99,"Very disappointed. Checkout pe alag se extra fee laga diya, pehle nahi bataya tha.",Hidden charges
C01271,2026-06-14,FitLife,Health & fitness,Gym membership app,Rajasthan,1299,"Surprise additional charges appeared on my invoice, the price shown earlier was lower.",Hidden charges
C01272,2026-08-25,StreamNova,OTT / Subscription,Video streaming plan,Telangana,799,Very disappointed. Free trial converted to paid automatically. No easy way to unsubscribe. Please take action.,Subscription trap
C01273,2026-09-15,ShopEase,E-commerce,Electronics,Rajasthan,499,"Product description said original brand, what arrived is different from advertised. Kindly resolve.",Misleading advertisement
C01274,2026-06-09,PayEasy,Fintech,Wallet / UPI app,Tamil Nadu,9999,I returned the product 5 weeks ago but my refund has not been credited yet.,Delayed refund
C01275,2025-12-21,TravelNest,Travel,Flight / hotel booking,Kerala,4999,"Advertisement mein jo dikhaya woh product alag nikla, misleading claim. Paisa wapas chahiye.",Misleading advertisement
C01276,2026-06-21,PayEasy,Fintech,Wallet / UPI app,Gujarat,499,"Sir/Madam, Product arrived damaged and stopped working in two days.",Defective product
C01277,2026-02-28,PayEasy,Fintech,Wallet / UPI app,Gujarat,499,"Pls help. Product description said original brand, what arrived is different from advertised. Need response asap.",Misleading advertisement
C01278,2026-09-18,StreamNova,OTT / Subscription,Video streaming plan,Gujarat,9999,"Received a defective item, seller refuses replacement.",Defective product
C01279,2026-08-19,QuickKart,E-commerce,Online marketplace order,West Bengal,2499,"Refund promised in 7 days, still pending after a month. Support keeps giving new dates.",Delayed refund
C01280,2026-09-11,PayEasy,Fintech,Wallet / UPI app,Telangana,4999,"Advertisement mein jo dikhaya woh product alag nikla, misleading claim. Please take action.",Misleading advertisement
C01281,2026-08-18,QuickKart,E-commerce,Online marketplace order,Telangana,499,"Pls help. Paise cut gaye lekin refnd abhi tak nahi aaya, 3 weeks ho gaye. Please take action.",Delayed refund
C01282,2025-11-17,StreamNova,OTT / Subscription,Video streaming plan,Rajasthan,2499,"Sir/Madam, Customer care is rude and unhelpful. Please look into it.",Other
C01283,2026-09-06,PayEasy,Fintech,Wallet / UPI app,Karnataka,499,"Sir/Madam, My personal data was shared with third parties without my consent. Need response asap.",Data misuse
C01284,2025-12-04,ShopEase,E-commerce,Electronics,Telangana,499,Very disappointed. The advertisment claimed 50% off but the actual price was higher. Misleading offer.,Misleading advertisement
C01285,2026-06-13,CabGo,Ride hailing,Cab booking,Rajasthan,499,"Bahut bura experience: Poor experience overall, want someone senior to call me. Kindly resolve.",Other
C01286,2025-11-11,ShopEase,E-commerce,Electronics,Delhi,1299,Free trial converted to paid automatically. No easy way to unsubscribe. Kindly resolve.,Subscription trap
C01287,2026-06-06,FreshBasket,Quick commerce,Grocery delivery,Rajasthan,499,"Sir/Madam, Surprise additional charges appeared on my invoice, the price shown earlier was lower.",Hidden charges
C01288,2026-09-17,StreamNova,OTT / Subscription,Video streaming plan,West Bengal,799,"URGENT: Very bad service, nobody is responding to me.",Other
C01289,2026-10-07,QuickKart,E-commerce,Online marketplace order,Rajasthan,4999,"Bahut bura experience: Refnd promised in 7 days, still pending after a month. Support keeps giving new dates.",Delayed refund
C01290,2026-09-06,QuickKart,E-commerce,Online marketplace order,Telangana,799,Bahut bura experience: I returned the product 5 weeks ago but my refund has not been credited yet.,Delayed refund
C01291,2026-05-25,FitLife,Health & fitness,Gym membership app,Rajasthan,9999,Pls help. Final bill had extra handling and platform fees that were not shown at checkout.,Hidden charges
C01292,2026-08-17,QuickKart,E-commerce,Online marketplace order,Maharashtra,1299,I returned the product 5 weeks ago but my refund has not been credited yet.,Delayed refund
C01293,2026-09-01,StreamNova,OTT / Subscription,Video streaming plan,Uttar Pradesh,499,Pls help. Free trial converted to paid automatically. No easy way to unsubscribe.,Subscription trap
C01294,2026-09-19,ShopEase,E-commerce,Electronics,West Bengal,4999,I was charged a hidden convenience fee added at the last step. Need response asap.,Hidden charges
C01295,2026-08-07,StreamNova,OTT / Subscription,Video streaming plan,Gujarat,1299,"Unable to cancle the plan, it keeps auto renewing every month. Kindly resolve.",Subscription trap
